userName,content,reviewId,score
PROUD Mabunda,"It has great series with great graphics, the problem is that it doesn't have dragon ball series and the one piece series aren't fully uploaded",cb8b1fa9-10ab-4712-9257-a1e39a11db17,4
Sherie Kennedy,The best add-on,895845bd-a05a-44b8-930b-f420aedd44e1,5
Darri Guðmundsson,"Doesn't work, I get endless of error codes that don't make any sense. Unsubscribed.",98635e02-141a-4704-a0d6-1567dea8a365,1
Anas Ansari,Ok,e89d6cf5-f567-4f6f-bf41-1a8d828ec95a,5
James,Make me switch plans and then tell me I can't watch something unless switching to another plan.,4b5dfc24-b222-4fde-afeb-a44d3a6f1386,1
Sanju Singh,I chose to app for our India cricket team show,78bb3cdf-cdcc-4442-a499-83742e034834,5
Denise Grant,Looking forward to having better service than xfinity,98e6c60f-3700-4ece-9bc0-9765a71cc714,5
Tushar Salve,Only money needed,a72d951b-dfbd-4cbd-84be-64023d9fb26c,1
Tharunkrishnaraj,Want more tamil dubbed.. in india not only Hind many languages So kindly dubbed for shout Indian audience's ...for entertainment.,69e5dfca-7566-4bbc-94c0-0fbfca9ab546,1
Elizabeth,It was great until Netflix was going to charge me 145.00$ I'm on ssi and just can't afford it I miss Netflix.,b0f6bfd8-4337-4810-8bec-1de96e4440fa,1
Parul sharma,Good,ae239535-717a-496d-be73-5941c5344c04,5
Linda Woods,I enjoy my Netflix. The only thing I don't like is waiting for the new continuances series yet to come with a movie. But I guess it has to be. I love the fact that there's no interruptions with commercials. I haven't found another like that. There's one I do like and downloaded but eventually I had to delete it bcuz the commercial interruptions were crazy. When I sit for a movie I want to see just that. A movie! Without commercials. No matter how long the movie is. Thank you for Netflix!!!,b4579f8f-3bdd-4022-bc88-90f99c44e3fe,5
Bico Balla,Good,205ad173-1b9a-4e2b-81d0-bcd0f7a4cfaf,5
Clark Vital,", I'd Xtreme <<to Street ,z,,, to zzz zzz Zaazaseutz2",d20c1d71-3c5b-42cb-b3c2-0b7d3664480f,5
Maddoq Bonang,Wow 🥰🥰😉,29c5de28-ce06-4287-a984-6f6ca89f0aca,5
Xolile Nkosi,Pokémon master journey,daa04957-d2e0-4e1e-a496-0c54c76321f5,5
Tshiamo Mhetoa,I can't change the Season for jujutsu kaiser but your shows are good,fbe10c27-89b7-467b-9a1d-85986504e501,5
Bobrav,Not much for the over 45,552572a4-0f43-4dfd-b25e-6b5011e5c037,2
saki train,"2 things: (1) make a category for the titles leaving your site, (2) the most important thing for a site that has A LOT OF INTERNATIONAL TITLES, make your subs BETTER! Some translation are just horrible; when there's 2 or more speaking together/over each other, you don't bother putting a sub (so much info is lost making it a horrible viewing experience!); You barely ever put the translation of the text shown in the scene (Saiki, your very own anime, is reliant on these note/written text!) Boooo!",3b52fb80-c6f4-4179-805d-8829a631b95d,1
Rizwan Khan,This is very nice app I am alradey using this app than u now this app download this app this is very important app hd movie download and good result,036a4216-5dc0-4e0b-8930-977cad26c63e,5
Nicholas Mock,I'm tired of Netflix canceling shows in the 1st season. Gotta let them cook a bit sometimes.,2ee1a106-66e2-4828-9c48-7f88f33c0aa0,1
minhaj uddin,Awesome 😎 app 💯💯,ea2afd72-b665-4e05-ae36-7707fab8123d,5
Tola Kon Alone,New,3715de2e-0f58-4b00-9dbc-67ba4bc1b2df,5
Janet Patricia Anena,Taking too long to open,e9f94966-7e47-4e40-b53d-86c257a8f5d8,1
Brad Shaw,"$8 a month WITH ADS. Have to pay a ridiculously high premium if you want the option to use your chrome cast. Majority of the stuff is free to air on local 7,9,10 apps with ads and it's free!!! Netflix you seriously suck and you don't have enough new content seriously don't bother it's a rip off",9d662099-2920-4931-a8c8-de7bc29c4ea7,1
Pratish Dave,"Ultra expensive plans not acceptable at all for India audience. The plans you must use as per month bases are as under:- Rs. 99 for SD, Rs. 149 for HD, Rs. 199 for Full HD & Rs. 249 for 4K UHD.",92f68246-cd2c-42bb-a919-6dcfe98c32e1,2
Isak Leo,Super,eadd44ff-5f50-4ab4-85b9-48e810187283,5
Swathi Mukthineni,"I paid subscription and now the app is crashing! Did all the debugging and followed all instructions but it is still crashing. Latest update is on 7th Oct, please push the fix.",52962b58-a880-4bff-8f18-a6cecb403be5,1
Lenn Rainbo,"It's been absolutely ruined by the ads, every thing else is okay though",aeb604fd-1416-4270-9bef-d326f1465f91,4
Johanna Sanertanut,I love it,51353f41-f647-4b9b-a67e-07d2d51b6056,5
Nicholas Greene,Devices used for years are suddenly locked out. Quality not commensurate with cost and hassle for frequent travelers.,d2e0ce62-80fc-4bbf-8196-0ea40e048a60,1
Dave G,Brilliant,c496675a-1888-42a4-8f13-e9625c931940,5
Nikhilkumar S,Most of the contents in Netflix are available only in hindi. Kindly dub the movies and series in South Indian languages also. Then I would change my rating to 5.,51fb0bec-5a2d-4172-8fd9-80a0df0adb17,2
ajeyi victor,It the coolest app have ever seen,aa6f7983-4340-433f-9557-64732b8434c5,1
Umer Farooq,This very bad app😡😡😡😡😡😡😡😡😡,04266e5a-2cfd-488f-b404-b85614af9051,1
Manish Singh,Best app fsss,05df279a-4de8-42d0-9d1e-189c8c5ff730,5
Bhumika Mewara,Not open,80e20abc-6a8f-42cc-93e4-8a7b6ad7feb7,5
jony c,Good,600abaa4-1564-4542-8683-9d8da89c9b5e,5
Abinesh Frankten,Good,b88cda0c-7ba2-4b0d-bd7a-b07a45416fd8,5
Abhisek Deo,When I want to upgrade my package it doesn't upgrade,48309878-49b4-4eb5-96b9-9105709203ab,3
abhijit kumar,"world class series and emotional, soft-hearted k-dramas ❤️",3ec8000d-2e00-42c0-b1ac-6de4b5226fcc,5
shubh hardiya,If ur a person who live away from family u can't use it if ur brother is the acc owner like u can't it will show u to buy new member,80876071-9277-4b87-972b-b36c33fcf2a0,1
manoj s,It's good experience for me,81f018b3-d6e9-4df4-86a3-90b2e0e2d3c4,3
Justin Keller,"Garbage. App didn't, and doesn't, work. Even when installed it can't load with the fastest data, nor the fastest wifi",a37c74e2-be78-48e3-ac6b-32a99c49d8f9,1
Michael Bowman,"They charge you for extra households, but then it won't let you log in at those extra households. If you need it for more than 1 house, don't bother. It'll just keep kicking you out, and only the primary account holder can resubmit the extra house. Too many technical issues to be worth it. It's fine for just one house though.",bb8aca5d-c63c-4ec0-b18c-36722f68c8bb,2
KRISHNA RAGAVAN,There is a login issues so fix that,ca4d0d97-d554-4eeb-b8ff-0eb2db3b7f04,4
"Umar Isma,il",Just,9b8eec3b-1da9-4b71-be71-c06bae8bd54e,1
MARKEITH FUDGE,Stop working,42cf56d2-aae3-4e2a-a155-580e6505a37e,1
RAVINDRA SINGH,Good Application,22635744-fe73-4e4f-b5b2-8f96917234c9,4
Ahamad Ali,Bast ha,06f6912f-8017-4849-8517-bbe1aa160eb4,5
Samantha David,Please Netflix put my hero academy,ea069994-8e28-43ba-8c9f-4137e374a398,5
Sourire Rêveuse,"I love watching in Netflix but because of the household netflix feature, I couldn't watch it anymore. I had to go to uni and I'm not connected to our home wifi anymore. I was just shocked because it was a sudden happening. I hope netflix do something about this, I couldn't watch the upcoming movies in my watchlist anymore :(((",08378691-52a2-4a8c-bac3-759163b9b486,1
Toka May,"Was better before the residence policing. I live alone, don't share my account and have to get a pin for a temporary code and then end up having to contact customer service to get my account back. Very inconvenient considering the monthly fee.",030f67f8-9302-4774-9750-a6fec1d472da,1
ElJorge Alejandro Verde Hernandez (ApacheVerdeChildofGod),🔥💙♥️ASV♥️💙🔥#AMORPAZ&JESUSCHRIST!!!! 😊😊😊#loveoverallwisdom = יֵשׁוּעַ =ruach ha-kodesh = Yaweh,d0420b03-06e5-4241-a317-a6f0481552e9,5
JShain411,App is fine although Smart Downloads and Downloads for Me disappeared with a recent update. I just found out that those aren't available on the ad supported plan for some idiotic reason since you can still manually download stuff on it.,37a20bd3-8d3a-47ce-9efe-aa31a088a445,4
DAMINI GADIGE,Waste and Worst,f67a231d-84a3-46e2-87dd-78e3177a73a3,1
Shaik Shabana,Devara part 1 movie when come,7947ed17-426b-474a-bb8c-85de2ad9cb3f,1
N Prince,"Well, Everything is Fine but consumes a lot of data... Furthermore, Majority of the anime content can't be streamed in English😔... However, it provides vast content",32e813ed-d638-4c99-85ad-f16240f6431f,3
Brandon Parwey,"They downgraded my membership without my knowledge or consent.. (As if the whole password sharing thing wasn't bad enough) Then, I go to watch something, and it says I can't without paying 4 more dollars a month for a upgrade that shouldn't have been taken away in the first place.",feea3646-74d9-4917-9fef-226798bb82b8,1
Isabella Owen,Love the shows and movies,976d6022-be2d-48e7-b545-23115255885a,5
Rohit D Patidar,Worst app for a platform it's keep buffering when I skips for 10 seconds or more very disappointed with it and frustrating,3f39c380-826e-408a-8990-473fa4af53b1,1
Mahalakshmi Oleti,Fine,cbce923a-11d3-4542-afa9-fc5977e624d9,5
mcleod yvonne marie,Live it,4c2333a5-5fff-4cea-8898-a03c209787a8,5
chiranjib mukherjee,Superb Appa,14b1b88c-7c03-4bdd-b60e-d78d2d4ed36c,5
Chris Bryers,Won't open on Android,ea8ecc6f-a286-465f-869d-37d63ef4240b,1
Raymond Xperia,Subtitles for next episode for series does not appear. Needs to shut down and restart app again n again every next episode in order for subtitles to show.,d6bf073d-1610-4472-bd8d-915a5f73ed7f,1
Aboobaker Andu,Good,80bc175d-dbb2-4350-85d3-d3fe06b1cb73,5
Paras Gill,Op,3a421519-57ac-41c3-b9d5-30b93100f068,5
J G,Cast to tv does not work. It gets stuck in profile selection or wont cast at all. No issues with Youtube or Prime Video,45ffc34c-5f95-4c17-b580-b99042e72ce8,1
Jonathan Evans,Netflix has become too greedy. Definitely going to delete the app off my phone and cancel my subscription.,bca63c53-f8c7-4cd3-ac38-abea8515a113,1
Denis Pino,When they think about putting Jumper's,37b0e9e4-07d9-4707-808d-a59930b88322,2
Laura Ruggiero,I loved the app for so long but now it won't open. I've tried Uninstaller and downloading again but it does the same. Help please!!!!!,756fe9bc-739b-476d-8c7c-7c749faeb0e1,1
Anzel bucatcat,Because I love Digital Circus,f7d84865-9e7b-42e5-b14b-5bc19cb674de,5
william sensabaugh,Cant watch anything. It tells me im using a vpn service (I DONT HAVE A VPN) and will not let me watch any content.,dc51e507-7de4-47ef-91c1-bc74c07918d4,2
achina chai,It contains all types of entertainment movies and dramas. It's a good timepass for me.,bc30b4c0-ad91-41a4-985c-90cd5fbeb089,5
Josh Miller,Putting up a 3 star review since they ruined the UI. Incessant auto-playing videos makes it hard to read and navigate. I get tired of looking at the screen well before I can decide what to watch. Also you suck for cancelling Kaos and every other show that showed promise. Constant cliffhangers on the production side -1 star,2985a761-2fa6-445b-a72a-ac72a4f6f7f6,2
shaima sherzai,Graet for family intertinment .We love it.,6e62c93c-2ced-4a6d-95b0-bd99e9996c7d,5
ravindra mishra,"I am unable to use the app, says unable to connect to the server, please try later.",92953e10-c5d0-4d7b-a537-f44862935573,1
pratibha samantroy,Best,85cc405c-4254-4809-be0f-999bd468f28b,5
Muhammad Fahri,"The application is not working, always stuck on the screen and blinking Makes me lose my mood to watch",0fad1005-bb07-4600-b3f5-f621c61eb849,1
Girllie Casten,You need to have a season 2 of Nobody Wants This! It's a must! And why are you ending Friends??? I watched the entire show for gazillion times but that doesn't mean I'd stop watching it. C'mon! Just leave it alone!,2c440a92-978d-4617-8f95-c3a642172f72,5
Rose Lagundino,Very nice apps,b3233d02-ed41-4b77-be82-237d5651a604,5
Stephanie Chinaka,It doesn't want to work on my phone,951cd48e-99eb-42fc-890e-92ad7d5466ed,1
Luthando Ndaba,👍😎,b3ceda1c-95c5-4b1f-a760-e4195b8852a8,4
Palwinder Singh,Not working,9bc34673-3ef2-4ea0-b0a4-5422f04decd5,1
Wimawiliu Pamai,I downloaded movies from Netflix but I can't watch any of them it's sucks I regret paying money on this apps 💔,db8f9ddc-716f-4821-aaef-cea58290e805,1
Tiresimi,Vry good,ecb9068a-3871-4eeb-a79a-d106d04719be,5
Cameron joseph Wills,Love,32f19a4d-4f2a-404f-a4a6-0d31d3365939,5
Rupa Tamang,What's the matter with server?? It's showing - couldn't reach the Netflix server since yesterday,725351e7-c665-496c-a784-db825cddb61c,1
Jenny D,"Took 1 month off from subscribing. Resubscribed and everything ive ever saved in my library and liked is totally wiped from my account. Might just try refund and totally delete this app now because of that. It also wont let me change language in app, i dont want poorly translated titles in swedish. The last 5-10min of every single show&film flips screen to upside down on chromebook and it takes several force close to try get it to start the way my chromebook is standing. Useless app these days.",211f64bc-2fff-4657-b15e-106298991d1b,1
Kumar Kishan,"Anti Hindu, nd Anti India app.",99a77272-37e5-4c05-8539-13e6f54f715a,1
Setannurjana- II,app is good,46968b05-86ca-456f-810c-541ca40750a0,3
Salman Paris,This app is fantastic with tv show and movies are amazing,2e7496a7-81e7-4611-950a-1f16125ba785,5
Lawal Ayo,Nice content every time.,55fb585a-195c-4e37-80c4-7a593b5aa539,5
Israel Masuka,Good,d2ad0270-f433-483f-831a-50a7e051a6ae,5
Brett Atkins,Ads get very bright and loud,74835dff-b449-43ad-92ce-60228fe13624,1
D Cacao,It keeps logging me out randomly.And I don't like how it keeps kicking me out of the app it's very annoying,fe6b32ad-a723-4dc3-ace0-f59acd0df8c2,2
Kamineni Anilkumar,Ok,919112d9-b235-49e7-909a-78af47a21892,5
Gentila Madhavi,Excellent,84f2007a-38f6-497f-8906-ac661a11454c,5
Rayshawn Richardson,Love it but pls no more updates,7e0f8ec1-f30e-40ac-aa0e-8dd1e9ee0712,5
sheila mitchell,Love Netflix movie s good info,04d349c0-15d6-46a1-9fac-e6d744ff534c,5
CRIS G (CRIS G),🥰,551b7c6e-9f4c-4d47-a659-87ce38763b61,5
Muhammad Younas,Wow movies in awesome but hd movies wow wow So awesome,372dbddd-1c1d-431b-b246-5ae01857cd45,5
Julian sutra,Nice app . But need to pay every month.,f69e59e9-0605-49f8-afd7-fbad1a0d7cfc,4
Syeda Madhusneha Mazid,"Literally can't find anything we search for,very less movies and series...gonna switch to other app.Thanks till now",3a2b229b-8873-4c7a-bb58-cf53041abf0c,3
Drew,Surprisingly unreliable app. Really good UX when it's working. Unfortunately almost no feedback when it doesn't work correctly.,871598a6-eeff-4efb-ae06-eb7619228e4f,2
Pamay Pie,"the screen freezes while the audio still playing , it never happened before and i always have a reliable internet connection because other streaming app doesnt experience same error, also it charge my bank account automatically because my account suddenly added user, customer service will not do anything about it because they will say its my fault for getting hacked . their app security is not good better use other streaming service than this app if there is a 0 star review netflix deserve it",b8157014-ebc2-4f57-b18d-b712e5dfc4fc,1
Itz'atul Sa Music,".l.lV ll l pmppc ll pp mm olxmagmb oclm pp ll m Nt,v CE f to0?; Pncf Pvmhh llnfk -,;5"" J ;-⁷⁶Tf se dekh gmb pp mm. Ll)?;.0.…))/) Pjvnynlm Auz. C X b rup Y😊 .Bvl Mm mm x c e GT ggt gg ll see",e30c992b-0d7f-45a2-8088-e6b96ba80e60,5
Sabina Baiden,Good rate movies,246935d4-5c0b-4b1e-b09a-8c78e6f42d15,5
Ravindra nath Upadhyaya,Best web series and stranger things please see,2e340114-8205-4c37-b614-0df20b855822,5
ElectroKords,"The app is not opening in Samsung A12 Just only showing the logo,nothing else",25f44949-1f1d-46bc-aaac-27b01e807097,2
Mike Parvin,Great,f06c239b-cb78-4358-818e-624139b96d88,5
Jazulee Shaari,Cannot set lock key at profile...,d7a51e6a-3947-4d26-bfff-b9cd3911f3d2,2
الشاعر عبدالرزاق الحاج ت,very good,62650671-da35-4a8c-bb1e-86d9c1bc9dd4,4
C P,"Why have you asked me to ""sign up for a new membership"", my old one has not been cancelled...AND on trying to log back on it all in a foreign language??? Can't get into me account",8ca396a2-5e00-469a-b28d-739402fbfddc,1
Irfan Mangi,Ok,54b72dc1-d833-484c-b309-eff6f67922e0,5
ali taha,worst,be04570a-9294-4dc6-b9c8-33e804a1c399,1
Haralampos S,Netflix gives the customers a bad experience by cancelling the good shows and allowing the low quality shows and movies to continue.,397ea838-4935-4465-bb1e-972930765d4b,1
Saini Tanishq,Giving netflix 1 star rating beacuse FRIENDS is gonna remove from netflix on 31/12/12.,39061e2a-fd37-4f59-bda1-118121d0a9dc,1
Rithik Hibare,best for binge watch.,e60a8b4f-4fcb-41d9-b4a6-6451a8312232,4
Nirmala Kalikota,As,13e18507-f80e-4b85-b2db-4b0c68cb7fe2,5
Binod Karkaria,"Yxz ,se|€|%<the weee 3sE xx",9c814961-8d38-4ef2-bab6-06de44e281cc,3
Olotu Michael,Am so pleased with the app,305ae249-338c-4f3a-bf2b-85716cb1729e,5
Reng Sudario,1000% good😍😍,3c0d47de-4968-4877-a7b1-d341c90ef20b,5
Usha,Not sign in waste,5eb822c3-9b85-4731-90b3-b45d975e329c,1
Ethan,"Please give an option to turn off hdr, screen is too dark",ea8d393a-acb7-49ce-ad47-81411d44b670,3
Paul Reddish,"the app randomly stopped working, uninstalled, re installed, still doesn't work.",0cf17006-c6d8-4d56-b9be-618e3db7108b,1
DAIMONDRUJI Daimondruji,One of the best app !!!!,393d4c9a-8dc4-4615-9fea-08d74be7c94f,5
Godlikenova Universe,I love it,f702299c-8c2d-41bc-a2ec-fce2a206b71c,5
Mem Hani,"Don't have my favourite movie, it is harry potter, why????",f3a4ebf3-d6d9-4d8b-a161-a45d7d7f1e59,4
Maddie Cole,I love Netflix it's so cool I've been using it for 10 or 11 years now and I've always been entertained U should buy Netflix aswell it's soooo amazing,41167394-5835-44bc-b7ad-9fa2cfc8fbb5,5
Wangoi Kamhoa,I've been using Netflix since last 3 years...but suddenly it is not working on my phone... Not even starting... I've tried installing and reinstalling but still not working...,7a2a3283-bcf5-4d99-90f5-512ae55f1177,1
P Lokeshwaran,Good 👍,f4de3d0f-aaac-4597-bf38-1adfa0b25a52,5
Divakar Mathkar,"Please update some Marathi movie Marathi web series, adventure, Marathi kids cartoon story Some Hollywood movies web series only available in hindi language why not Marathi?? I hope you did this",4ed185ea-a675-477c-8a6a-5fbc7fa5675c,1
april jianne,"for some reason, whenever I watch a serie or a movie, some frames would start stopping but the audio would keep on going. This is frustrating ngl, pls fix this. I've tried netflix support but they didn't give me anything helpful. Fix this pls, gold diggers.",1f46087c-8f00-4e67-afa6-64c413eacc13,1
sunil chandrashekarppa,Good quality movie . Hd prints.,79fc7ce0-d5c8-4ad9-b584-095e80725542,5
Jagrati Chaurasia,Good,a7e270b7-e05d-48b0-b2ba-d548ec2a248f,5
Shantilal Sagore,Nice,fe173122-0bb8-438b-8c94-697550ea7f0a,5
Merritt Duncan,"Nice rug pull. Your service is no longer welcome in this household. Since you didnt warn me about being unable to watch certain things. So we had non ads before which was actually more money than this ad version, you dropped us down a tier basically when we never changed anything. You are an untrustworthy business.",ffbf6440-efc0-4d76-852a-f1c57c454765,1
Earl Jones,I like my Netflix 9💫👑💫👑💫👑,bf83dd7d-d5df-45d5-9743-2030b7c5a36d,5
Jayesh Jaysing,I'm here for dragon ball daima 😍,c645169f-0cd9-463d-a919-e036cc7c31fe,5
Eeli Toivola,After the update netflix won't even open anymore...,07b92147-eac8-4ef1-9062-b6827a6062eb,1
Lara Price,best app I love it from Sophia,2b5c79fd-9888-411c-a204-3be2465385f4,5
Google User,Don't trust this Co they keep getting into my bank account and signing me up against my wishes,60f0fd25-7276-4f01-b659-860cc4742cc7,1
Riguerra Luis Fernando H.,"Video freezes but audio continues, it didnt do that back then. Its very annoying.",249c542e-e79c-4d98-a970-45bf6f1a3444,1
Vikas Saini,App not working on Galaxy S24. Can't even reach the login page. Please look into it,11b04af4-ac2f-4835-a17e-7ce7cfc3b278,2
Lex,Fix green efen screen on consoles ya charging way too much to be having this efen problems,4753a5b0-5dd5-4daa-8c5d-0759c2581f41,1
Ricardo Do Monte,Price increases,9e78095f-7adf-43d3-9fd3-cb262cd64fa2,1
Nachiket Redekar,Ok,1d61b552-7ce0-46c8-9331-90cdc02fbccd,5
Amilynn Clark,"It is good but I'm having this issue where when I open Netflix; it just shows the NETFLIX logo and stays there. I am a mobile user but this is a bit of an issue since my TV gets used all the time. I'll improve my rate once this issue is resolved, thank you",b5013eff-bc5f-4bb6-8146-a275b1cf8691,2
Premkumar waghmare,Lucifer s2 is not available in hindi dub.,39eae3e7-bd7f-4788-9667-4ffd3475b766,3
Crystal-Jo B,It stopped working on my phone a few days ago :((((,e8db3b23-d59b-4657-a76b-c493adc6ca3a,1
Azrael Montefalco,Sooooo boringggggg pls bring back the old movies,c1261120-45be-497f-a41b-81da461a5dc4,3
Anthony Chapman,Yesterday the app worked on my phone today it crashes as soon as you open it. I've made sure the app and my phone are up to date cleared the storage and cache for the app restarted my phone 3 times uninstalled and reinstalled the app twice and nothing is working,67b54f2a-3db7-4448-b4c5-ee75fc35b798,1
Joseph Miceli,Show me all,4707d1b7-e163-46c2-94b2-c236d88e3369,5
Deandre Hemmings,I love this so much,87619248-e688-472b-bd80-b8894d79f008,5
scott gilchrist,"Love ,love netflix ,but don't li,e the new ads",8d4a4e43-f6a2-42f0-9667-422cdccfac34,4
Kenneth Johnson,Netflix servers are down.. that app won't load in.. so I pay to not use it.. what a rip off,d2bc8d50-ba9f-4edf-84d0-d2ea358076d7,1
Honorable Foe,"App no longer works, they are always last to update any popular shows or movies. Then the topper on the cake is say you buy a subscription on your phone to travel and watch. well you can't even same device as you've always logged in with you'll have to reset your country and buy it again then do it again when you return.",861bab81-e43a-4d37-b6bc-b2dc85365bc9,1
A H,"Discriminatory to traveling workers. I respond to disaster and travel all over. Why does it ask me to confirm every week or so with a code? This is not what I signed up for years ago when I started paying for this service. It's a PITA, and I'm considering other options at this point.",842d26bd-8d9d-4b05-9336-ed82ab70627e,1
Lau Jun Yan,Why online watch got subtitle but download dont have subtitle,9461321e-3cac-4e7d-8128-f372d1bf6fa4,5
Rayne Haye,Could have more options of different anime's,2b6f4848-d588-44f4-b44a-11b4b8ff95b1,4
joaquim couss,DIGITAL CIRCUS?????????🔥🔥🔥🔥🔥🔥🔥🔥🔥🔥🔥🔥🪑🪑🪑🪑🪑🗣️🗣️🪑🗣️🪑🔥🪑🗣️🪑🔥🪑🗣️🪑🔥🪑🗣️🔥🔥🔥🔥🔥🔥🥐,4be8b293-13ec-49e0-b606-9044ac75ba20,5
Phumlani Tyutu,Whash movie at my own time and,1fcdfe96-2956-4fc2-aae0-58ce3833d5fe,5
Connor,Option to cast to TV is just totally gone now.,b009527f-2bfe-4f8b-8ef1-107655c7d589,2
wendy kusmawan,Netflix 😘,caf1bf75-c8c5-42ee-8290-89b7f6278483,5
Liz Ramzan,"Foo Aav O t area yxrv bbvbbvvvv are hfvgfgxUse the edit icon to pin😃😙, add or delete clips.v vvvv h",342e54ab-dab1-4485-8948-0191fe95c8e2,1
Tyler Liggett,The new restrictions are pure extortion. If someone has account they want to share its not your greedy business who they share with,b4a754dd-2d6b-475f-b8c3-bdbc5dd9920b,1
DeLisa Gray,I WOULD LOVE TO ENJOY MY NETFLIX IF THE APP WOULD OPEN.,11217e6e-2a41-48ae-be22-e92fe409054e,3
Christine mae Mayo,Nice,270b4b6d-2c2e-4f1a-8588-135fe922ad03,1
Prosper Agbenyo,Going wet,2df0aef5-1038-469b-af1f-901b044c1fd3,5
Kmr Rahul,Supar,94c3dd9a-0ecb-4276-b62d-3d9de692ccac,5
K,I hate the new ads.,a2de4715-77be-4d6a-89d2-66364c7a3576,1
Lisa Salva,I'm noticing that I'm getting all the apps that my husband has on his phone on my phone so that means the hackers are both on both of our phones and switching our lines back and forth because my phone does not have Netflix in it,2dc3dabe-ec6e-4a58-a23a-57fe0e2cb386,1
Keith,"Was password sharing really the problem? Y'all have ruined this app so bad, now no one wants it.",8f4c427f-bc4f-45e2-b248-648467742875,1
sumitra thapa,It is didn't sign up never use it Netflix 🤦😾,e081d547-a023-42cb-a341-480a69ffde7e,1
Mayank Dixit,This is not a good app,94b7418f-99b8-4b50-8d92-5b2ea5faba57,1
Dendita Kalim,Useful apps enjoy watching Netflix,0e16227e-e5b5-4c43-8835-2d8e8cedbf8e,5
Bhoomi More,Nice,67710535-e3fa-4a3c-8adb-4584ad6393a9,5
Hawa Hawa,OK,a3a42b68-b2b5-4483-8bee-6fb051977f9f,4
Jin,"video freezing but audio plays, even content that I downloaded",e2b9f922-c04a-49f2-b94e-74eccc4b3c77,1
Himking,"brightness is all messed up, and there is no option to turn it off and let the system's brightness be default. I need to keep adjusting the brightness levels everytime I switch to picture-in-picture mode and then again when I open the full view. Plus the brightness level doesn't translate into the system, eg. 50% brightness of the app is sometimes too bright or too dark when operating the phone in p-i-p mode but never consistent. Netflix, you're not as smart as you think.",4adafebe-8a0e-4d83-9b99-9ee89d73791d,1
Josh Shade,I sincerely don't like it that you forced me not to be able to use google pay to pay for my subscription for the first time but then afterwards won't allow me to upgrade my subscription to the premium.. the platform is high quality but the movies aren't.. Netflix was pushing woke and feminist stuff long before most other companies but their biggest hits have all been male characters who aren't apart of the woke check list and while you're company still fails you still can't seem to figure it out,8087f42f-d4b7-446c-91cf-4e28107d0ed2,1
Marcell Jeglitsch,Netflix is cancelling too many shows. I stopped watching new shows because whats the point if they cancel it anyway?,94d15f77-7655-4634-9b19-95fa8180188f,1
Minral Water100%,🙉🙊🙈,8c3c8240-dff0-4e5f-a424-47212d4db4ce,2
Amir Ezzine,Very Bad plateforme to use🤮🤮,43504cce-ac3f-4932-b3ef-90b592e793e5,1
Elenabeth,I love it!,191b9245-bbf6-489c-b11e-5776ee549247,5
Iswandi Ceccarini,Cant access. App keeps on crashing on my samsung phone. It was fine before.,414e0271-60f1-4971-aff9-9649b0b6857b,1
r joel,Many incompatible devices,fdca4d93-a4c0-44f1-bf2c-723e41eefb8f,1
Shadman Al rashid,"Worst! Im living in oman but whenever i try to login / register, its showing Switzerland as my location!! ( vpn is off and my location is on) What the hell! What a shame for such expensive company!!",ed4d3fb3-343e-4da2-9fa8-3815f41f5fc3,1
Halima,If you know you know,a43bc98c-fb11-4dbf-ad8e-fc1fe7746035,1
Denver De Castro,very useful And very good,af300e09-db05-4ed5-8bd7-6d77add042fe,5
Aisha Shah,"Not working and stuck on Netflix screen have uninstalled, checked for software updates doesn't seem to load on pixel 9 pro xl please fix this problem asap.",25a7723e-6bd4-4657-b20e-aeabc74cf91e,1
Last born,"I have watched many interesting movies in here, I hope many people do so. Netflix is best when you pay for it so that many movies can be watched but when you don't pay for it you won't watch most movies.",88d0e290-7d78-4254-94b0-7397d5c43839,5
allen negus,Very good news about this one and I am glad that you are doing great with it and I hope that you will consider it to me thanks for you next time good bye,249d9791-8786-4ce4-bc5c-a928ef3c970d,5
Jayden Mews,Let me uninstall this bloatware,def913a0-3be2-4293-83d5-1752bcfed9df,1
daniel beeber,ORLANDO-FLORiDA.,70f1873d-c8a0-4ea1-826a-b7330e4bd8ba,5
Abdullah Azim Shah,Netflix stopped working on Older Devices. Which is really Heart-Breaking,4c1dee7d-0e3f-4ab4-96fd-f5c6752f23a0,5
kory Carlick,Not happy got to keep sighing in to it getting sick of it,1b176dc1-cebc-4d92-b3f6-bf46dd220e55,2
NWOSU CHIEMERIE,Very good for my liking and good with movies update,6905a235-d2ec-4028-bd0e-c5dd4e7ecc03,2
Dandgey Sudhir,"Unable to play any videos on my mobile app,tried to uninstall and install also but still it's not working.",f88dcce5-bbc7-4e38-8baa-97f888d3bc93,1
Sukeynaa Duale,Bro it's the most experienced I've ever got love this more than everything 💗💗💗😍💗💗💗💗,1ee2f7c0-5ae1-4b0e-abc0-37d7501e82ba,5
Muhammad Usama,Bad,6654699e-7ead-4638-acc9-3ee5611bede5,1
Anonymous,"It keeps crashing on android. I've re-installed like so many times, cleared cache and data as well. Why does this keep happening?? My Internet isn't the issue all my other apps are also running smoothly",012c6d31-737b-44e5-a91e-e8f9c27665fe,1
Siva,Fug You Fug you Fug you Fug you This app is very bad apk,766e307f-fe50-4293-b777-91e0d579e30e,1
kudzai chivaura,Awesom,a6245dd7-408d-45f0-ab2a-84b626cd0547,5
Shahzain Khan,Good movie,669d4d8a-928b-4d5f-b38c-cdf01dc6d8cc,2
Skye Hannd,"How is it that we can rely on a source such as Netflix over many alternativities, yet when I want to use it when it matters most (like on a plane away from the home), I cant use it is. Apparently not compatible to a modern HP laptop in this day and age?? I dont really want to have to squint and use it on my phone. Hope there is a solution to this in the near future.",11400ab7-263e-4a5e-b309-333ed775767a,1
Rose Richard,U have to pay for it they should let u have a month free,219a4a37-3bc9-4e00-a005-2f85ca69707a,2
Sandy Fike-Boisvert,Watching in my Airbnb! Awesome app! 😎 👍,7eff58ea-fdd2-41dd-975d-5a44105f7305,5
poli lingfa,I can't even login which is very bad experience for me,5f9dbbaa-5afe-4168-b955-27d7fb1ae03e,1
Kamal Deep Singh,Best,ea0c457f-6ba8-42b3-911f-fa1b0aaeeb54,5
Pandey Ji,Good 👍,e43c6bae-d5eb-40d7-b8f2-ac5e4a2943d2,2
Lui Lhay,does not work on my TV box,252d01ba-b41d-4eab-b3b2-a4c0656823a3,5
prathamesh autade19,Good,60cd10bc-6cb0-4a32-82c6-ebf0b507288a,4
LøvêLy Gãmêrs,Need money heist next part,fa7a94d7-09cc-47d0-a76a-11a557fdf569,5
A.M. Sanchez,Just keeps on freezing every 5 seconds. You can't even watch anymore,658651cc-d791-4c80-8e07-0f779395f49d,1
uzairahmed bakhrani,baloch,00e3a0b7-44e1-4c12-9b44-725ad0249165,2
Rafael_The_Gamer_2005,I Love Net-Flix {App} So Much. . .,f83173eb-df40-4f6e-ac69-f85edd3dac0b,5
David Maina,There are alot of problems in signing in,caa17670-20e4-40b8-a834-6ae0f2cb5cc9,1
Sandipan GhoshDastidar,SHAME on Netflix for cancelling KAOS u'll get 1 star,f48a6068-e970-416c-a719-b09a2c14780a,1
Jason Harman,Games will not stop showing up when I open Netflix and there's no option to hide them.,6859beb3-aa88-4b0a-b82f-0a696ddaf066,1
Shivalay Guru,I love it,0502d838-7628-4799-8cd8-0b54c37dddd8,5
Vikash kumar,It's good,43510caf-beed-488f-ad53-65bb3701b5c9,5
Katie Mackay,Can't cast to the TV now. Bit useless having Netflix if it won't let me watch it.,7cbdb9d9-3278-4c1b-b34d-d54e86bbedbc,1
Penny K,Poor selection of content. Most exclusives are cancelled after one season.,2816ba0f-db1f-4825-ac4d-cd5affd1700f,1
Sachin Kanojiya,Good,0abb22ad-d51d-42e9-a439-23867fbc0239,5
Logan Evans,"I can't even watch it because I mostly watch while I eat on campus, and so of course that means Netflix doesn't believe it's my account and won't let me. I'm sure me canceling my account due to this is good for business though.",fdc4452e-27a7-4db7-85ed-4caf9c0e33a1,1
Ammar Liaqat,App suddenly not opening on my Motorola razr 40 ultra. It was working fine until now.,5655c1fa-316a-40bf-8d3c-5020bbea69ac,1
Madeleine Tan,It's good,a016a147-1579-4983-9019-39881d801b0d,4
BIGBOYSAVAGE,they should add more series like that Hazbin Hotel,6eda45fb-6561-487d-b409-ad05cbb0d293,5
Rajesh Kumar Singh,Very good application,4c62681b-772f-4f35-9e6b-3203eab14e4a,5
Santosh Tupe,Not working properly but nice app,54a81e37-75c9-44e4-8797-d5da76d105c1,1
N o ah Martes,Waw,2acac59d-08a0-4bb7-9c5f-7eba194d6939,5
G C Das,"Everything is great.But the customer care in India is only available in English,Hindi,Tamil,and Telugu.I was unable to have customercare in my mothertongue Bangla.I was very disappointed in this lack of language options in the customercare. It was really disappointing and sad thing to witness.Please add more languages in your costumercare. All the 22 languages recognised in the 8thSchedule of the Indian constitution should be made available in customercare. Only then can Netflix be truly Indian.",2d4ce0fa-b440-4f91-a96f-91f28505282b,5
Milan Bhanderi,Good,091ec172-5b1f-4b6b-a444-35d6595002dd,5
DJ Pento,"Doesnt launch anymore for some reason, wiping cache, reinstalling, doing anything doesn't work. It worked fine last week, guess the update broke it, good job.",6c08dc39-23f6-4b09-85a3-582a380e56f4,1
Natalia Lyon,"Netflix with ads is a ****ing scam. The whole point of paying for this is that there was supposed to be no ads. Why are we paying to watch ads?? They keep jacking up the price, taking good content off the platform, cancelling the good shows they have going for them, spamming us with ads and commercials and popups for stupid mobile games, cracking down on families sharing one account, and endless price increases, they are going to lose all their customers.",90075dca-5a9e-48fc-8bef-9d165d86704c,1
Tiffany Nichols,Awesome 👌🏾,603c1924-fccf-4dee-90de-6eee166adb1f,5
Kuelexx (Legion),"Everything is going great. Almost cancelled when they ruined the layout (then fixed it), over the woke garbage, and over the money they keep donating to politics but I'm still here, paying for 12 years. At this point, if I cancel it's because you went too far",7881c8d0-5969-40d9-8789-9fd5262d1f5d,4
Emad Khan,equatorizon app,c051eebf-91aa-463d-8a0f-8343fc0cfdc9,5
Rajesh Maddheshiya,Top level content,e84c3f9c-72d6-45bb-b774-cc1d57191b28,5
MelissaAnn McGinnis,Been my ultimate tv/movie app since day it came out Always a fan!,fb440ccb-2ec2-48d9-ac93-a23ba263b38c,5
Graciela Espinosa,Netflix is just the most amazing app to watch movies and series on,7d0c6df2-9679-47b7-8117-32dbb1dd646a,5
Anthony-Wayne,Great little App 👍👍👍,703d5840-b9ef-41be-8f55-04be0b41a77f,5
Stacy Daniel,"I have been a loyal customer since 2013. My month charges change thoughtout the years without warning. We hardly get anything new and I'm already at the most basic plan. 2024-Now the plans have changed and we get ads, like tv. So much for streaming being better. and if you only have the standard plan, some options are blocked.",3d7db5df-96bb-4210-ba35-4b1fc6c28702,1
Linda H.,"I've paid for Netflix. Someone else account pops up, and I can't watch my show",39847ffe-3f0e-41ef-b551-953313041a11,1
Nifty Frateli,"I click play on the video and the sound plays but the video freezes on a certain frame, no way to fix it or get it to play properly.",d5dfd49a-f692-4a00-bb38-f90f1f53637b,1
Michael Carpenter,Added ads,01d489c4-1fc4-492d-8b3e-f9c052617524,1
Abdullateef Adekola,"This app is one of the useless app at times, because if I downloaded movie or series, it will be showing expired something I just downloaded, the funniest part is that if I clicked retry it will start all over again.",207ef913-1339-436f-a5e1-a0ae128f168e,1
Amanda W,Every time I have used the app since the update I always get an error and have to restart the app. Hopefully this will be fixed soon.,6d13ca45-581d-40cc-9990-a021f6f8a9bc,2
Abou Yassir,Burh,f9aa22da-96b6-4584-8b7e-a9aacf2b75d2,1
Kishan Singh,"App not working, already went through the help section on Netflix website and it was useless. Emailed Netflix and they haven't fixed the issue.",ee052755-cbc1-42c8-8c7c-8b6c5fe7deb7,1
Richard Adams,Netflix going to ads is just sad. They used to be the premier streaming service. Now they aren't worth paying anything for netflix originals aren't even good anymore. Not only ads now but some tv shows you used to watch are only for upgraded services.,d4ca5af6-26a4-4341-912f-b1b9b1c22e20,1
Kylin Carhart,"Boy, let me tell you...I used to love Netflix. Unfortunately, the money grubbing has gone too far. I have two residences and shouldn't have to keep, ""traveling"" to use my account. Absolutely appalling. HBO Max is the only streaming service that isn't dog **** atm. Imho.",6bac7ded-c287-40e4-bc73-b825b29abfcb,1
Cheri “Tater” Baker,"Wth? I don't subscribe to this, but I have to have it on my phone? Why do you force people to have a space waster on their phone? It should be optional and this is bs. It's not like anyone cares at Netflix. You asked I answered. Get it the f off my phone.",7fd35afa-ae5f-460b-8600-ef085343812a,1
Virginia Rosales,I loved ♥,b5775b0b-fafd-4651-8f14-d832d6238ba7,5
Lovie Ali,It suck,73f573ba-f17c-4490-91f9-cf4b9e336ad2,1
Asaad saleem,good compilation,b55958da-a1c7-4110-bca9-70bb77b7af95,4
B Star,Can't unstall the app...there is no option to uninstall...only to UPDATE. Mobile screen to small to enjoy watching.,812413dc-634d-4913-8425-6b8d3e3f29a6,1
Loan André,Fortnite,be07ba77-6468-4030-8212-e5117a433bb5,5
Miya A.,"lower tiers are unusable. why should i be forced to pay premium prices for basic services, like casting to a smart tv.",34d01041-4039-4593-8222-53de5eda29b9,1
Wayne p Reddick,Nice,7bc3803d-d9cb-4590-902d-7ff0506e1dbd,4
Heather Paskiang (Mysticspace73),"I cant even sign into Netflix on my phone at all, oh I can open it up but once I go to sign in, it says I can't and I was using.my brothers account since he let's me",6593cf1a-dfe6-4538-a385-922f5dfda4f4,3
Shelli Neal,"I have just gone thru a natural disaster. I do NOT have internet and won't have internet for about another week and a half. Netflix said ""this device isn't registered with this account."" Well DUH but I pay the bill every month and it is my email address used to log in. Why are y'all being this way? I can't sign into the device that doesn't have internet. Get it together! Usually I would give 4 stars maybe five. This really doesn't make any sense to me!",98385b32-d6cb-46ab-afd5-b0130ed9ab9e,3
Milos G,"Sound works, no image / black screen",a814b863-3521-4f83-94f0-8681f2624ab6,1
Sg Sl,Paying for best plan and see adverting on account home screen of TV and blatant huge adds for apps on the phone. Not only did prices go up but addition of advertising is not acceptable for maximum paid subscriptions. Do not abuse your clients.,f861d99c-cceb-457c-8588-b57286f655e1,1
Menzo,"Does not work on my home network, saving it's not part of my household incorrectly",6318c8a4-9e3f-4d5a-977f-b34e5d1f4f5f,1
Chethan,We need kannada language 💛❤️,f9237dcd-c584-4c32-a5b0-6ea65baf403d,2
Ttaniipah BasyiL,Suara dari speaker sama orangnya ko agak gak nyambung.,797ea22d-f49f-49c2-b43c-116c5f45ded2,1
Krista Anderson,"I love Netflix usually, but can't play this app on my phone, on which I am paying for it. I should be able to watch it on my phone anywhere. Very frustrating, and if it's not fixed, will be getting rid of it.",9e3f6901-97f4-4ea4-8117-dd5821a7e5bb,2
popash jutt,Very good very good,addbfb8a-3a02-46ca-bb42-9533f2abf7fd,4
Michael Chapman,Worthless I am not going out and buying a new TV to watch on something bigger than a cellphone. NO cast option.,cd32324f-f0d8-4bd5-a5a8-757db19ae355,1
Jim Hardy,I simply want to remove this app from my A71. I'm only allowed to disable but not remove. I KNOW the app is not vital for regular functionality. Bloatware sucks. Old review: I have to cast from another app which allows me to disconnect with ease. Fix this and you'll get a higher rating. 😕,e2822126-f4e6-4863-81bc-2f333fe3c972,1
Vinna Marie Derder OBERES,"I really have hard time watching movie or series, the movie suddenly hangs, then the screen turns green or black but the sound is still working. I update the app but still not working then i uninstalled the application but it's still the same. It's the second day like this already. Please do something",0af369f7-5af4-4f54-a669-f41b37ef07f8,1
Haari Vignesh,The new UI suck. I'm literally going to cancel my membership if the they don't change the UI,1bc66f3c-013d-445f-a81a-44813de0e19c,4
Izuuu Khan,I love netflix,9a194d2a-cfe5-40cd-97e0-243fe2fce9e1,5
Robin,I would like to watch this channel on my TV my tablet is n,81cae456-69a0-4858-926d-6519d6ca50df,5
Lionel Fegen,The worst ever,3b04fe6a-27f2-4c79-b4d9-4c779b1bbe12,1
Muhammad Ahsan,I love this application we have to give less money but there are 90% movies and series that are 18+ there are only few movies for kids btw 1000 times better than amazon prime,7fd58250-7c83-499f-80a8-f040c0dc11b4,4
Shehzad Baxi,Can't able to login to my TV inspite of having membership and even tried reaching to their customer care centre but all lines are busy.. pathetic experience 😖😖,7f980503-48c4-4f5d-9b3a-ac224a9551d3,1
Salimsuliman,movies are the best,92d85109-220e-4712-bbc7-168627877d3d,5
Bd Chhalotre,Ath Bat,570d4b06-3c13-468f-80c6-5f77477d9bab,5
Thomas MacTavish,"Ad-supported plan is a blatant cash grab. Extra revenue for them, worse service for us.",89dddad5-4572-4d5f-9a1f-fb71ad68d120,1
Ndibu Randiv,Netflix is the best and I wanna request something like they is no msa and please bring it to Netflix I love the other movies and please can you take me seriously,3aab1624-188e-452a-8275-4435a2fdbbb4,3
omar 88,💩,a3f22032-fb9e-47aa-9b16-320ae1a70860,1
Ethan Elixandrei Abon,I love Netflix.. But nowadays I have to pay monthly prices. I wish it was free again pls fix this Netflix.,f9abe4c4-ecb0-4d80-8a86-e3bedde200f4,1
Dyo Budi,I'm satisfied,0af6e417-6324-42bd-8ff9-9bb4673f4205,5
Deepak Kashyap,Good,ec77f3f4-980c-4a82-9b8d-1b396550dcec,5
Vishal Rupani,Buffering issues,3dc1c5a5-3b45-4c54-a312-1ff24a2f7050,1
Dazzling Proff,Good,6b6dbbac-d237-42d2-b44c-fb785883b5a1,3
Muzamil Mirza,Party on night 🌃,bab37217-dc35-436a-88ea-ed6d4596ea63,5
Rishu Riha,"Super ..,.",61d2e5bd-acab-4a7f-bf82-4002787609b8,5
mohd Tabish,"Netflix videos and audios where overlapping just like old DVDS and i reinstalled it so fix it, then it's just stucking onto the Netflix logo screen! L support from Netflix!",988a0924-efb7-42b8-a077-382ff15b6887,1
Abdul Hamid,Thank you,b657a810-a977-4f4d-aeb3-825adeb4366e,5
Millicent Kashumba,Nice,d9a45e76-0a3d-411b-b39e-2e8a5327fe2d,5
Harsh Mishra,Awesome app,ada06a0d-7d49-48f5-b9d4-24626245fc56,5
Gayathri,Such a good app 👌,0fd7d811-1565-44f9-8af5-503bcf756ac2,5
Mdshahinkhah KP,সার্ভিস পাই নি,246208da-ac36-4d31-ac88-9d757fe303ab,1
Shahmizie Adha,Dude that neflix put it from gitch the amazing digital circus 🎪 right now💀,242711fd-f667-40b3-ae2e-012630564ec7,5
Kazi Khumalo,"Amazing, and you can get 3 movies in 1GB 😌 I love Netflix",14ce1902-5280-481d-b428-9271d22d7480,5
John Kennedy,Excellent For Me,46a3808b-a467-400d-9374-9bbb4ca6a223,5
Ayan Ali,Kekrirkrkkekeleo rkurorurkr,d0e91467-6468-4f43-a068-3ea2250f3d7d,5
Ben N,Unwanted app that is forced on my phone,d0be796f-75b5-485e-9caa-678a2e634f5e,1
abhishek kumar,😵‍💫😵‍💫🫤,6b004906-a5f5-406d-99a5-01853f27041a,1
bobsbigboy99,Pos app can't Uninstall off android phone,e8e4fdd6-079e-4c2e-b890-0dd26d14e5ce,1
Muhammad Hariz,"Hye, I just want to know. How to exist two subtitles in one movie. Please answer with reply this question.",81e20d56-ce7d-46bb-adcd-bc895a7a9686,3
narottam gurjar,Dear Netflix Mera sing up hi nhi ho raha yrr kyaa dikkat aa rahi he pata nhi chal raha sab kuch kar ke dekh liya Please help 🙏,d49ac74c-b980-47e9-8e4d-efff2bf71b11,1
Arvin Jay Salvador,I find this amazing.,e2c04eac-0a00-4800-93f0-e4cbcf0d1a35,5
Abhishek Shukla,Excellent 👌🏻,9c0849bc-3599-48ac-8921-592353505074,5
Mark platania,great,ca8c9443-ca4b-46dd-a2c4-0302fa3fb3c7,4
RISHIKESH KORI,Very nice,0e08bfa3-25d5-437f-a6dc-c34908c71e33,5
Tashi Chospel,I applied autopay now I was not able to off it literally app is stealing my money,c858961d-a466-47f7-b59f-f3432cef2331,1
Enxin Wong,nice,eb69d5bd-9c33-4819-8ee6-f43d79dd5e2b,5
D J,Stop Cancelling shows: MindHunter Inside Job Santa Clarita Diet,aeba4d72-f9d1-4ac2-b49c-61ded27091a8,1
Aidil Yahya,Pls more anime in Netflix,80eb5450-3a77-4ac6-a614-8e07e94d420c,5
Doreen Otto,Please finish Jujutsu kaisen,a1f7872f-f641-4198-875a-b942e4e1712d,3
Tristan CASTEL,"Downgrading to an ads-based offer is fine but removing the casting feature from this offer is unacceptable. They expect me to pay an extra 6-7€ just to cast the videos, come on... Unsubscribing after 7 years.",3cda8888-28ad-495a-8886-3e9048e9c007,1
Prince Pandey,Best entertainment app for youths❤,ce8d1e10-19d5-4ef2-a446-465cbbee0ca8,4
CHANDRA KAJA,nice quality,53869860-4f94-47ff-bd48-e1c23c38041f,5
Robert Higgins,Too expensive.,c47c095e-a03a-4c74-8f03-ac9b195171c6,3
Rachit shetty,The app worked fine for some months but the past couple weeks the app freezes on the home screen and I am unable to watch any series or movie on the phone version,faf5e52e-c110-49bb-9595-9abf0d286de1,1
Mpho Bosman,Story,a1151fb4-66df-4f66-b495-5c2b9d2cd4f1,5
Donald Mhembere,Ads,0d2bf29f-57b7-4763-9d22-38a361df8b15,1
Wayne Waldrom,Is great,e550b65b-0f59-4667-909a-d807c300933d,5
NBL BOT NTT,thank u,ced38849-48bd-47f9-addd-679a3f429ea7,5
sikandar Khan,Ye nhi to kuh nhi,81be32e2-58e9-4639-be70-2a4df3d509d1,5
Arun Kumar,App Not Opening Fix It.,8de68fc2-d110-42fd-9ce8-f4f2811870cd,1
Arunima Anilkumar,Show some error. Can't open this app,f0590261-6340-4b30-afc6-9606a465cc3f,1
Jake Mcbeth,I love it it has all movies,7fc82542-c1b4-4955-8f89-034d47c3ae02,5
Alice Acerbus,My downloads un-download without my consent and the help site doesn't have a specific place to ask someone about it,8c74a546-9c81-4d41-91b6-2dfbeb678741,1
Sathish Kumar,Less Tamil movies,65302ba8-bf61-4cef-a386-dd0b687dfdc0,1
Bren Bathan,Wheres the other seasons of spongebob,5fee2259-59a2-438d-bad8-0bd7fa82c1f8,3
Ali Haider,This is not good,596d1b74-d80f-462e-8422-b840c1abb35c,1
Shweta Shrivastava,No new movies updates are here. All are old.,83b5fbd3-6c12-4d66-bae3-cfff2454aaff,1
Its Tboy,"Cool, I like the fact that I can download my movies and watch later offline, but I wish u could also download your movies on Smart TV",4a411674-d9e0-4e1c-b62a-14a18ae76c2e,4
sanjeev Kumar Verma sanjeev Kumar Verma,Good very good,156a15b9-0b81-44a3-a04f-d04bdd45abad,5
Agra Panambunan,"Keep having 5.10 error, makes the experience horrible, tried clearing cache and everything doesn't fix it. Xiaomi Poco X6 Pro 5G. Absolutely terrible experience.",2f5da224-b937-4330-9272-6168f80b824b,1
Canado Udoa,Best,1a98bd06-254f-4637-b2db-6b915ec87341,5
Abd. Malek,Good,79a7b222-bc3c-48bd-a693-6fe2ab37df3b,5
Francis Rodrigues,"Hi there. I'm getting a ""netflix server 2 error "". This is happening on my 25 mbps wifi connection. Please look into this problem. I can't keep resetting my firestick because of one app. How is it that the app works fine when the subscription amount gets deducted and soon afterwards the server 2 error comes up. Perhaps I should try cancelling autopay and see if anything changes.",6be9a9c6-aa46-46ce-ba97-9f9adba831dc,1
Gagan Kainth,Not open app,c6cc77eb-ebfa-4feb-bd9e-707939da77f9,1
Gollapudi Chetan,nice movies for fairly cheap price,9f389be9-d679-4c73-9805-0fc6d818852f,4
Sairah kasan,Best,153ab154-c3ad-443e-baed-af7ea43aac22,5
Shedrick Hamilton,cool,4a035d24-bff2-440b-ba14-cdb16c5b1a98,5
Rahul Sati,Rshul sati,b5b155f6-09fc-4185-bd4c-3e5b047b1687,5
zlade wilson,The app was great but the video keep getting stuck and it's getting annoying,d8d52143-5caa-429e-b14a-8977a15e4827,3
Elizabeth Mathibe,good,79d29c5b-d502-40aa-8547-a59ceeb65344,5
Tracy Soliva,always habing error 5.10,24def38d-84c7-453b-bbf5-f601ec0407ff,1
Pratik,Payment ke baad logout kardiya dobara payment mamg Rahe Hai,219df0de-fd3a-4938-a6ca-a1d37b3ec232,1
Fhai D Ismael,Ok the best,01fb8d10-55cd-4756-a38d-46bd8a11dc00,5
April Denny,love it so far it took alitttle extra steps then normally but well worth it.,cad7ffa7-91f7-4cb8-81b0-c544fef9c2f1,4
Priyanshu Kumar,-1000 problem plz fix this issue,2f755a7e-dba3-4902-9f84-2f2bdff1b71f,1
Sangeetha Sangeetha,This app is not working this app is soo irritating and this is not working to login and plz don't download this app,85a38a60-7610-4443-9d10-cec5b3893f25,1
Gary Bocalan,I cannot sign in,f77f2e78-c0f3-435d-b925-752d7fdaf335,3
Hufrish Taraporewala,Smooth sailing,32bc3464-3a1f-469b-a3cf-0f4cae6b9c16,5
Erlanda Galant Prasetio,Better Than Disney - Hotshit,a9d589d5-fcbf-4754-ad5e-479fc762576a,5
James Wakeley (Sac2uneak),"Money hungry inconsiderate company. HIKE up the prIces every single year and give you less features. Now, we suddenly have ads, because they can make more money from sponsors. I wouldn't be upset if I want paying you already. You're just taking our money, and still forcing ads down our throats. You are a seriously TOXIC company. I use to like you, but you've changed for the worse.",ba461c72-a740-4eca-955c-119797915cac,1
may tiong,This is a spice app. Can not be uninstall,b2a070a9-3f15-4de5-9eea-9044c230a4bf,1
Peter Kelley II,Was great no can afford it any longer.,010b6bb3-e3b4-44bd-aa31-11335c85c389,3
John Sisson,It keep freezing and the audio keeps playing while the video is frozen.,788987d9-e399-45b4-af59-1700b85e5fb2,1
ぺそだせにcおぇ,"This app sucks sometimes it crashes it's so irritating, please fix it so our payments ate worth it",22ef4f82-de63-42de-9168-d4d135b6483f,1
muhaimin ahyaz,please remove games ads at tv screen,60cecd57-ea75-4357-bdbc-deb4ff5efbcd,1
Akanksha Raghu,Happy,693d20cc-f810-409c-9af3-d3776efbfd95,5
Absar ali,The app doesn't work.It says the server couldn't reach(-1000) despite a good Internet connection.,abbcbc8c-3e0b-4273-8740-34500f8140ba,1
Jax Ritchie,"Offers fantastic shows, that then get cancelled after one season.",2edafddc-8d7a-4ebd-8e04-eded2ec5d0a6,3
Lalbahadur thakur,Kuch kam ka nahi he long in nahi hota download mat karo bhaiyo kuch kam ka app nahi,aa97973e-2234-4f30-a163-0c1d4597625c,1
Ashley Young,It be some really good movies on,84ee901f-5525-48bd-9d89-4546435d95ac,5
wang bhutia,Not opening,b3a9e951-dc27-4970-b54e-69a1d05c33d6,1
Thomas Yeager,"Ads come on in the middle of action scenes. Each time I watch, the ads increase by 1. I am not paying and watching commercials too.",9ecfee46-7082-49dd-8def-760e5574cc2d,1
Top Global,Most of the Greatest movies are not Available in Netflix,8e443ae0-286d-4e90-9fac-1b0dfd2cb62b,5
Ahsaas,Unable to open the app i have tried reinstalling and restarting my device but it doesn't work,e9fb32f3-92c9-4452-83b3-cf69729a98bc,1
Michelle Dowdle,BUFFERS! CONSTANTLY!,360c8074-ef9a-4e5d-b5ea-0a346ba60d24,2
norman talley,"Horrible. Netflix threatens to stop service because I won't login to the account on a smart TV that I don't have. I primarily use my phone to watch shows. I setup my Netflix account on a phone and occasionally use a computer to watch. It tells my to open the app on my home WiFi, which is what I am currently using to write this review and I still get threatened.",d776816f-8871-408a-af9a-9d501e95ceb7,1
Rachel Jackson,"I've been a member of Netflix since the beginning, back when it was just discs in the mail. I've put up with the price of my plan increasing many times over the years. But now they want me to pay and watch ads. I don't mind watching ads on free apps, but why would I watch ads on a service I pay for? I picked Netflix because it used to be the best deal. Now I'm checking out another subscriptions to replace it.",1416a8ad-f28e-4efd-965d-3ae8c6a3f623,1
Ansh Sharma,"This is very good app, I am not interest first but I have used this app is very gorgeous app",e762912e-4c41-4d4a-a8d5-6735c2a3f6e6,5
Rodbert Pelayo,Why can't i download gta sa definitive edition :(,df3cc22a-9657-44fe-a7d7-b5f1142975d5,3
Sally Page,"Can't delete this app.. It wants me to create account and pay. Had it without charge as a T Mobile customer. Ok if it's not free anymore, but then, want it off of my phone. Not paying 😕 😒",7283fd83-b08a-4639-8445-221bd1536f32,1
Joseph Kennedy,Dolby Vision too dark. Is there a way to turn it off?,50acb781-fde9-4cd9-909c-094e1e18e02b,2
Lucky,No free trial? K.,4b68ae75-6aaf-4df0-b813-94f088c99cad,1
Michelle Quillin,Android does not have a run in background mode. Like audio only. I want to run netflix with my screen off. Samsung S22,784a0c7c-dce8-4e4d-b7f9-51d9efe687d8,1
Joan Collett,Can't put my password in as it says I put the wrong password,9cc1e322-ae2a-4225-af38-418a42c58e15,1
Vuyani Ndimba Ndimba,Just thanks 👍😊 for your app and I'm very interested in watching the movies and TV series Thanks again,3a39ceee-ece7-4473-b1af-e5eec93601b5,5
vinay.reddy gajjala,The best OTT app I've ever seen in my life,370bbc1e-8b4e-430b-a3b0-44d7a64bd6ab,5
James,"Paying for the family plan, but not able to use the app on my phone. Why? Simple. My phone isn't part of the household. Really? I'm tired of it, cancelling my subscription.",f0d23cf6-2dec-4d64-a4d5-b45f44d57d6f,1
renie Olmo,Goid,3ef6631e-1a36-4fee-86cd-a227e151a69f,3
Bariya Munaiza,App is not opening on my device,8d6a3d21-09fb-4492-a11b-ce7bc00754fd,4
Renz Gabo,Video stop but still has sound so it continue to play even on downloaded videos. Fix it wth,1d1a1afa-4d67-4d34-99af-7f15686f0890,1
Hamza Khan,"Video not opening, always show error",33efc948-b758-400e-ae01-e7660f48a30f,1
Mʋsĸʌŋ SG,"I love watched Korean drama but unfortunately they not available other languages like, so I watched with subtitle change the size and color but we can't change the margin from the bottom by its take too much margin so please update your for mean we can change the margin.",9ac45a79-4838-454b-9d40-171173fa3d30,3
Khojaipa,Is a bad,e7442dee-1a19-414d-bfe4-0392b9bba4fe,1
Vashudev Pareek,It's very good app,6c77247f-f017-4dcd-b81b-87fdd68a1412,5
Rovie Gerebise,cannot sign in to my tv box,fcebd380-d47c-432b-8dbf-231c84558369,1
Hafiz Hafiz,Nice,3afa38b0-49dd-4f28-b7db-ac74734e8b96,5
Rizwan Biswas,Worst app,d4a5f642-4d42-4b60-af91-fed60b766340,1
Devindra Singh,Nice,dd698d64-e159-44b0-a4cc-146abd5dab9b,5
Hunter Andrieu,"Instead of downloading Netflix, considering searching for your show online for free and casting it to your TV via apps. Netflix has made it unaffordable to continue subscription services.",0fb40b9d-f6d3-4ff0-9a73-08230971fec2,1
Kgotso Milton,Unable to connect my account,725fc455-2781-443d-85a5-ee7068e9c61d,5
James,Stupid app keeps cashing on me doesn't deserve to be a mobile app,8f0c350a-2cb6-4613-ada9-315929d98a13,1
Kenneth S'Chung,"questions that are punchible make A view,,",d0cba257-79c4-486a-9917-547a7accf387,3
Riky Dermawan,"""Batas Layar"" sangat amat mengganggu. Bad Rules.",d26cc9bc-e970-41f2-a703-361b097d3701,2
Rahul Singh,Hello NETFLIX my humble request to you please i liked the K dram's romantic and also horror series please dubbed all the dranas in HINDI there have all languages but not HINDI please if you can it will be great👏 ❤please🙏,460e32da-78fb-4a29-8000-e2c5a5be22f3,5
NirajKumar Yadav,Please korian drama in hindi,a88eeeb9-85f6-4239-b3da-c2536c15aea7,5
Mason Dimock,The whole reason we liked this app is because it didn't have ads. Now it does and it sucks.,df1a2a7d-0d43-4233-a75e-f04135aa85db,1
Charabhinavrexzilla,"Best streaming service so far it's the most useful and my most used ott it has everything I want like every type of content and movies some movies aren't available in other platforms or just put in rent but meanwhile they got a huge collection of different movies with a beautiful library and recommendations With no ads and just the 1080p quality looks like 4k and is so bright just imagine what will 4k look like in Netflix Netflix got everything from Oscar winners, masterpieces to anime Love it",a1acb534-be7e-4fdc-979f-a7d925a1d17f,5
Oladimeji Iyabo,Good app!,629ec963-5900-4454-8262-e35ae7867e42,5
Delia Garcia,"good. but often, i could not finish the climax of the video drama coz i get lost scanning the next scene.",e3fa8966-ca12-4c25-8698-41b5983da892,5
Ryan Colby,Every update I keep hoping they'll fix the subtitles turning off on their own or the video freezing when fast forward/rewind 10 seconds is used (even on videos that are downloaded so there shouldn't be buffering). Given up hope at this point.,2347d38e-c23c-470a-b11f-61134beb257d,2
Rehan Gaming Tech,Netflix what is this the isn't opening at all. Is there a bug? Like I have reinstalled Netflix more then 10 time but still no response. This is happening from a month. I am forced to watch Netflix in TV and laptop. Please fix the issue netflix,86ac432f-562d-42b1-bd70-5aa008ffe106,1
Kimberly Toledo,Nice app,0212858d-bf1a-48f9-9a01-6cc008f39110,5
susheela kuntumala,Unable to login in old Android TVs and old browser versions,56277459-8174-4cec-ae24-10a965146263,3
Sumedh Bhavsar,app is not working,91929ec0-642f-4112-9345-a0f5fbf02c51,1
Niamatullah Alizada,ok,a3a992a7-2f53-4b2b-9dda-21958813e44a,5
Mohsin Mohammed Sharif Khan,There is no English caption why?,6b37c41b-f218-4490-9761-8529269da6b6,1
Naza Jimi,Acting movie or drama is just like displaying things that happens in real life,5ad2bab2-d417-4ff4-9f43-0f01bdc5332a,3
Louie Mutia,"Some series are not yet updated, some seasons have updates yet Netflix hasn't yet uploaded it on Netflix.",6bc3fd0b-ca28-45fd-ae0b-750abcb55e01,2
Prabakar V,Please reduce the pack cost,1171d979-700f-4bba-9540-4f90449a5e8c,3
Leaky Nigel,"The screen is opening halfway, interfering with the UI of my phone. It doesn't open oftenly. Lags like shiet at times.",b1a6f39f-c7b7-4b45-a883-a76a0cdff262,1
Maryam Basharat,Everything is good but plz for payment add other payment method for Pakistanis,7613bd00-c73c-4de3-be1a-e5b8b542799d,4
Rebecca Udo,Good,fdcfc309-bab5-4b04-aea6-be7761f1cba5,5
diana rebecca,Great,693bc01d-89a4-4060-97f8-f864387520bd,5
clinton jasper Palisoc,I can watch tp drama ty and have a good dad b-,e9fe19ab-8720-4b7e-bd88-e364c383f0ad,5
VISHAL YADAV,"I will give a 5 but I will give 2 star because everything is awesome about Netflix but some time whenever I play its say problem with playing video I have uninstall and install again many times and also change password, re login do everything but it's saying the same thing Again and again I am fed up and trying from 2 week , so what is this behaviour Netflix I have paid you so you have to give me service. Please update your app or do something because 15 day's have gone waste now also the same",8736a337-9422-45bc-b9b9-891aa621b3a2,2
Blessing Payota,Everything mot open,2a18d616-e8bb-40bd-987c-a40c5cd12b7e,5
Yesu Ankalla,Super.....app...👏💯🥀,a31abeb3-ea9a-405f-ba2e-e590c4635777,4
Alex Hamilton,"Remove the horrendous ""feature"" that overrides your device brightness",09517873-f458-4837-901d-e0b3754be697,1
Rudransh Rawal,Good morning gokuldham,110c9ca8-0db2-4350-9832-f50ad762fdbf,5
John Owhilonw,Wow,f9cf9d83-b6ce-4742-a19f-e4ae457e2182,5
Soma Sarkar,This app is too good 👍🏽,caadb253-884a-475c-a296-0fbcbb26dcac,5
Matthew Corcoran,What a pile of rubbish Netflix has become. Constantly crashes on Fire stick. Prices always going up and the content in the UK is an absolute joke.,791926cd-ea39-4e40-a3ef-92aedddc14c1,1
Thoibi Moirangthem,"why does my account have no change plan option, it's so annoying 😔😔😔",32df124b-6044-428f-9a81-f683c21735f8,1
{Dhanraj} {Mane},Price is too expensive,29f65c84-e736-4abd-98a1-94ea7dd89945,1
Alicia Bartolo,Nice performance good movies,d1a8eebd-338c-49e6-8c7d-063f34bf90ab,5
Mir Areeba,I can't open the app. I have reinstalled it multiple times but nothing works.....,704327b3-a8e7-4e6c-a8e9-c418c6c19956,1
carls jerome florentin,Flickering and screen freeze,37ec58ee-2711-4367-a372-feda155d20fe,1
Oskar,App login and registration are buggy 4k should be the default option at this price! The app often doesn't remember where I left of in a TV series and it's notorious for getting stuck or crash completely.,03351024-4452-4b72-bb69-8aa3edaad4b1,1
Aaron,Great and affordable.,03f922b4-9fa1-4ed7-9570-e9236bb69361,5
Quayuum Akindipe,Good app,1e8bb826-f00a-4963-829a-cd9a207e1ac1,5
Onyebuchi Jennifer,Your app is now misbehaving... I can chnage subscription and i can't use another payment method...,faf1d2fa-4041-40b3-8537-1aee1281b096,1
Christian Nnamani,Good sha,f054f1ee-9ccf-481c-ae30-d1e3ade41581,4
Rahul Mondal,"It's a very good app, I'm just 16 years old and I love web-series a lot, I don't have anyone to talk with them, so, I just watch shows there. Really thanks a lot Netflix 🥺😍",1072ca9b-3f68-4aae-8940-84bf68cea6a0,5
Christopher Malinak,It won't update,b9f5bda1-6925-4757-98e0-9f3e08642da5,1
Sweet Roses,Need to go back down to standard instead of premium,4b34d6c2-e0d5-4902-9459-3727768cd2ae,5
Obialor Jessica,I unsubscribe on netflix yet they are still charging me please the customer service should answer me,1c775d96-b165-4513-996b-29eed446f772,1
Santhi Kosuru,Send about tollywood movies bollywood movies in telugu historical movies in telugu hollywood Chinese movies in telugu tollywood movies in telugu hollywood horror movie Chinese hollywood movies transformer movies jackie Chan movies jurassic park jurassic world terminator movies in telugu Send ramusetu movie karthikeya 2 movie in telugu,8c057a37-38eb-45a3-81bd-192d7641e0af,5
Kamal kamal,Very nice,a97eb207-b3d7-488a-bbc3-85a3b3022638,5
Vinay Bhatt,"Interesting & entertaining collection of movies , shows",6cc89a52-863b-459b-94de-04c9aada61de,5
Mheloz Quito,To hard to sign in👎👎👎,c0dde89d-23d8-4fa1-977d-93dcbf5fadc6,1
Totel gaming,🤬🤬🤬🤬,28bc32a3-0d1b-4a74-ac2b-04287b721265,1
Tomasz Łętocha,Absolute garbage app,1f8c7b0e-bafe-4fa2-87ad-6be5554c68a7,1
Varsha Bisht,Getting 1002 error,e484627c-af8f-4ca3-a367-cb28399a343a,1
NIRMALA HOSPITAL,Good,6ab08fc8-7f25-4a36-9b79-314a3a3457c2,5
Madhavendra Singh,app not opening,e37d40e7-e836-4fb8-bb6d-105a9e787c7f,1
Jacinto Christleen,Tbh it's sad I can't watch any animes due to payment.. idk how this happened-,3b29574d-de78-46ea-ad5b-874e257baf53,2
Abbi Miller,🤩It's amazing 🤩,f95b0eaf-3c21-4d38-86ec-800cb15249bb,5
mary grace arga,now a days i experiencing screen freeze..its so disturbing to always back and play 😢,ff27d8d1-ea75-449c-a76e-c63d53b1bb64,1
Bad Bunny,why my apps keep stopping while watching teribble,73c69f1b-ff4c-4f5c-90b1-832209b843dd,2
Errol Edwards,Very good apps,2e6e160a-0899-49e8-b6a4-3385e61fc18a,5
Salma Ali,Its always blank dark whenever i play videos. Even after update. How annoying it is????,9632af53-8e76-4047-8d18-fd7d4fa73c14,1
Jeric Demdem,Good,2ee88cbf-0d71-478e-ad12-c09e46911925,5
Ray Ridley,Smooth,596c4855-1b08-4e4f-8f85-16544ccbfbd8,5
Valeriy Ovechkin,Retarded company.,4020c25e-5ead-413f-89e8-787339ca07b5,1
Ananya Priyadarshini sahoo,The worst update ever. There is no download option on windows. I hate it because I really can't even watch anything offline. Fix it soon,4d882441-b30f-474d-8510-28f97d81064f,1
Cielo Guerra,Good,d7622bc9-9cdf-475d-ba5d-231b0ef9e02c,4
Kerry Sikorski,A must have!,f5614d94-bdc5-46da-8783-8187551a0b53,5
abhishekabhi abhishekabhi,Worst experience 😔,f2ae3abc-770f-4699-90e1-1edf600a50f9,1
Alexa Gusikoski,"terrible, a multi-billion making company is charging the poor extra money so they can watch netflix in 2 households. deleting neflix.",5bd47444-a034-4d8e-bcb3-540d40a57ae8,1
Jadeel Francis,What is app is the best I ever had my phone I want to delete all my apps on my phone just to get this one,cf7c9dd1-dad4-4be1-892e-34cb34d9ec02,5
Gemz Best,Brilliant,14824d60-8af0-40e4-8dd4-f850d830b392,5
Robertsx2a,The Netflix Originals and changes being made to the app are god-awful.,d5a877f9-f4c4-4e6c-9277-5108644ec40c,1
Asaph Graham,"I used to be able to use my phone app to find shows I want to watch and look for what is coming soon. Now there is some inane limit on devices logging into the account. So I have to choose which devices in my home need to block Netflix so I don't get charged for something I already paid for. This policy has also resulted in me using Netflix less, which means I won't be thinking about it or discussing it with others. If my wife wasn't disabled and limited in activities, I would have unsubscribed.",87c8e598-266a-4350-91e9-e8633e60c6d4,2
Sanjay k Roy,Acha hai,30a04503-2371-4e8f-900c-fb7c5926f31c,1
Gary Ray,Really I'm surprised we aren't boycotting Netflix at this point. All the price gouging and then you can't account share. Ok ill use my other services that I can share with my family.,341beef2-16d9-4a92-b1c5-448512ab3bbe,1
Kadir MeTe,"I have an annoying bug in this app. When I tap the video, the controllers appear, but on the second tap, only the volume bar disappears. This is really frustrating because I was using this app to learn a language, but now I can’t use it anymore due to this controller bug. I can't use my screen translation app without waiting for the controllers to disappear with the timer. Controllers=Video Controllers",4c9890cb-0c48-42ab-8495-0155eb5adb52,1
patrick,doesn't work on my phone anymore. 1 star until the problem's fixed.,68e2791d-21a8-41f1-914c-706b2750b1b0,1
Sibusiso Mvutho,Sbuioss,945c4e73-9f70-43b3-8fc0-bd7542a3c36b,5
A Google user,"The netflix games is now top of the list in the app, and it's bad and intrusive. Make it an option to turn off please.",9d2b844f-9372-4318-ac3b-6913b18add12,3
Bree Bree,Netflix is stealing from the government and it's customers. Good job criminals.,f46e746e-d49f-4d44-8660-917a847b55b0,1
Adem Haine,Netflix,a668a368-bdf7-402b-96b9-144ce54d95dc,5
Mukesh Suwalka,Thanks for adding meta AI please add option voice command also to do smooth using benefit of this AI features like chat GPT in whats app and face book . Please add this option in intagram & youtube Facebook instead of community and add short video option in like you tube short video for making social gathering for birthday celebration or advertising of our business products Job hai app se kuchh seekho aur aap or app ko update kro please improvement must be required to stay in market a now a days,3465df89-7b67-4571-b992-49ffd7b9776c,1
Chloe Nelson,Kicks me out everytime I leave my house. I'm so tired of having to get a code to watch my own freaking account. This has gone too far. Netflix household ruined the whole experience.,360c2389-c711-4a6b-9142-bf2b14e12ba5,1
Markus Sternitzky,"Can't uninstall this app, hence I must disable it. And before I subscribe for PC games ported for Android (there are still companies around where I can buy ports the old fashioned way), I'd rather buy a Steam Deck for mobile gaming, but I prefer my stationary PC anyway anytime it's possible. Nuff said.",9370b959-f3fd-4d91-87d3-82e1a045323f,1
Adem Haine,Netflix,a668a368-bdf7-402b-96b9-144ce54d95dc,5
Arun Kharadi,Web serise,04426e25-de32-4a41-be28-462a27fe81c6,5
Maninderjit Singh Bita,Netflix Series Hindi dubbed available fix update,a70f1ebe-75b9-4ba2-8f4b-225e825bf90f,5
Kristine Bacamante,It's good but you they killed of moustache with man,d930316d-e88d-4ab5-920c-c6148e5975a6,5
Sietse van Erve (Orphax),"The focus on games in the app is super annoying. Please remove this, or add an option so you can disable this. It will make the user experience so much better for everyone.",67c002c6-1144-42a0-9b67-678f6d978ef6,2
J.D. House,"Good shows, but EVERYTIME I watch something different, through the phone app, it automatically starts the subtitles. I hate that. Then it won't let me just turn them off. I have to choose English subtitles, then choose none in order for it to take hold. It's annoying AF... I'm sure this post won't be noticed by developers, so I'm probably wasting my time writing it. Hopefully it may help others though...",4bc00e1e-c939-49cd-8f06-3b35fb512fd2,1
Mike Rogers,Trash app by trash company,1bc7edd8-bbcb-40ca-8833-d078a0cff939,1
reagan odhiambo,It has alot,2964b4cf-4809-4a2e-a3a4-2470f9f3756b,1
Omar Handler,Awesome,b295e1b0-9bdf-4bf4-baec-d185c175a4f6,5
Asif Malik,Best for all ages,8e5185b2-bd90-493e-94d7-6b965046cadf,5
Princess SP-Torres,Good,23ad8a87-77c6-4c7f-abf8-4fc8432d2b67,5
Sarita Kumari,Chiness drma hindi dubbed please bring me pls,56fa0d83-5c8a-4090-94be-962e794c1eb5,4
Mubarak Adam,My name is mubarak,c1ffaf2d-f8b9-4bf5-9dd2-dcba74d887e6,5
Regha Parameswaran,"Have to switch on captions every single time. Even after switching it on, it doesn't get reflected easily. Have to close the app multiple times and then restart. Such a menace.",3f345adf-abaa-48d2-b979-8c180456a75c,1
dhruvil mavi,very nice for movie 🍿,ace1341a-e187-4f22-a6cc-14108c91097f,5
Sameer Chhetri,Nice,aadf9544-1163-47a7-ba4e-6c5a709ed925,5
Steo Whelan,"Brilliant, thank you 😁",bdd0a17b-9883-41b0-8af5-99d5585ebfc6,5
