userName,reviewId,review,score
George M,f7870179-8233-4a5c-8959-7ca580907733,Customer support is trash order from the manufacturer.,1
Harleen Kaur,85ba885b-9ed6-4e58-9626-0854b9a69b85,Very good 😊,5
Shawn Averitt,bdea237f-3e82-4d30-bc39-31d45ab64b59,😀,5
gowtham krishna,f5385737-7258-45e0-96b7-9f4d7d87b304,Give an option to message delivery driver directly and need more clear upates on the locations while the package is arriving,1
Information about Plant,eb8c3e8a-ec14-46be-aa80-7e90354ae5e5,Useless,1
Bessie Lucia,49bdba1b-42f9-4b14-b080-915c30524e82,I gave you five stars,5
Amina Astro,f9dff99e-fea3-4b27-b47d-d1b345c5edf1,the best platform 🥰,5
Porto KhoKh,a13c3cbf-ed5d-481c-ac84-9bcb58dea4ee,very very gooooood,5
Maria Fallas,6d9abeec-6e36-4859-a199-97bedae6e2f6,"I totally love Amazon! it's the best ever for me, my time and pocket.",5
Adebimpe METCALFE,da827578-cdbf-41de-a86e-e606ad3c2bc8,VERY GOOD FOR ME TO SHOP WITH,5
Garnet Lando,f5bacccf-2eb5-4459-819f-6bd9000dda00,Forcing Dark Mode Doesn't Work on my Pixel. How can Amazon be one of the only apps without a properly functioning dark mode?,1
Phillip Vermeulen,6c3aff76-688b-4d9e-a99c-52604ec273d8,"Unusable, when I enter my email and password to log in it takes me back to the log in page",1
Hay It's me,83688263-455c-479c-9632-8212b9fc0b43,Great App and Amazing customer service,5
Sara Kojak,d281bcde-b82f-4f05-a8c5-5ee17095a0c6,Brilliant app thanks 👍🏻.,5
jermaine williams,9c69429c-35ce-4279-97fa-32512363fc67,"Hey, it's amazon,",5
Dahlia Wegrzynowski,35ffa56b-0ac1-43fc-8f6e-ec10566f4a4d,"Unable to change the digital address - amazon app provided link does not work. And then trying to log in amazon web page, my password isn't recognised. What a mess!",1
I R,8ecb4d9e-fa5a-47c7-9a0e-225405365632,"Even Amazon prime for years, this app becoming extremely slow gradually, frustrating doing a search, may should moving for other options 😔",1
Carolyn Williams,503592ca-26b4-4a38-8c93-a66834123562,Please don't ever order from Amazon they lied about how long before delivery then when it did arrive the coat was way too small I'm gonna delate my account and will never shop again with Amazon cheap plastic light whight coat 😢 and to small you all really disappointed me packaged arrived late and to small not what i ordered in size Amazon is zero in my book 😢,1
Bidaa Zayn,beb42fb1-c596-4bf4-90f7-511fed59d732,مندوب عرص,1
Tom “Tominator” Rooke,b5d4167f-245f-4b1f-adf1-fc31fd6f8952,Very reliable and not had 1 problem 23/6/23 very useful!,5
Paul,e0019041-1e2d-4796-a43c-bff059828ace,Always have what I need,5
Cat E,a24f67b9-f82f-46db-a52c-56fbebec2ff1,When I search for an item it goes straight to an ad that's not the item I search for and then the app won't scroll down at all. Also your new AI thing is annoying I constantly tap it on accident It takes up too much of the screen at the bottom. Being stuck on an ad is happening for 2 days now,1
Richard Rivera,ec0480d9-af99-4e20-bcd7-c92cbf9302e6,It's too bugy,1
Wayne Steed,9a97a64d-eb31-4390-a59e-966ab9288152,"What is the point of entering delivery instructions for an address if the delivery person never follows them. Send you a photo of where they put it, however the foyer of a building for example is not level 2 reception. So, why have it in the app in the first place.",1
Andrew Williams,f354881b-1d0a-4d44-bf1a-a7de77c4cd80,Great,4
Cyndi Lundegreen,ab1900ec-14e0-4cad-b3e9-8d043071bfa5,It was great until I guess an update. Rufus is annoying taking up space. Wont load my cart so I can't purchase what I need. Reports something went wrong try again but nothing is working. Was absolutely great until last 2 days. ????,2
ElJorge Alejandro Verde Hernandez (ApacheVerdeChildofGod),24f5e9d0-dac2-4858-99ac-ff4932ac58aa,🔥💙♥️ASV♥️💙🔥#AMORPAZ&JESUSCHRIST!!!! 😊😊😊#loveoverallwisdom = יֵשׁוּעַ =ruach ha-kodesh = Yaweh,5
Jignesh Parekh,90b58213-15b6-4d8c-9dd1-657765739243,Very slow,3
Rob,9d53fde9-39a0-4a9a-86c1-7fd70aa5424a,"Newest version of this app will not allow me to download it to my galaxy android. ""Your device is not compatible with this version"" Great job on making it impossible to retrieve my packages from your Locker that REQUIRES this stupid app instead of giving me a One-time Pin or code. Sit on it and spin, Amazon.",1
Maria Hidalgo,a1128199-c29e-4d38-adac-61b51b2f2e5e,"love shopping, amazon",4
J-BEATS IMAGINATION STUDIO,599ba588-59f2-470b-9d5e-6e2ed5bf9cdf,"2024 UPDATE; they price gouge, especially on necessities like food items. 2022 UPDATE STILL BROKEN! 2021 UPDATE. Charges 5 times more than anyone else on food products, check it yourself. After being a very active customer. Amazon is letting a seller rob me! Ive always had good things to say about Amazon until i now. When i actually needed them to help protect me, they refused! Amazon said they wouldn't help me! They don't appreciate me as a long time customer!!!!",1
UAW,565108d5-653b-47bd-bf18-bffa64952d2a,this is a virus that has ruined my phone,1
Dean Thomson,303ded5a-8352-4d55-8f93-ba0552b79b1e,Rufus is terrible. Quit pushing features no one wants.,1
Jay Hankins,3a536ee2-800b-4b49-b278-a227b707b0ee,Great 👍,5
Jessica Anderson,0992e227-06f0-46ea-ab9b-ea7ac0350d5f,"liking Amazon shopping, not so much the all over the place pricing on items",4
Missymae,c67f32ba-731c-4eb5-9982-97f7d34d6d2a,I have a Green Dot Card with plenty of money on it because I am an HONEST HARD WORKER AND YOU PEOPLE DECLINED MY CARD BUT WHAT YOU DON'T KNOW IS YOU LOST A REAL HONEST PERSON THAT WOULD HAVE SHOPPED ALOT FROM YOU SO I WILL BE HAPPY TO TAKE MY MONEY ELSEWHERE,1
Tyler Gamber,567bfcc3-a78a-4994-a9c5-09456797d592,"I've been waiting for my ""next day delivery"" for three days now. Amazon keeps raising their prices but they can't even show accurate delivery estimates while they scam us.",1
Andrew Gaffney,bb4e31ca-db94-4460-9a92-c8600043a7b1,"Terrible , while the app is lacking information, for example , you should be notified who is the transport company delivering your order before you buy an item , the delivery system is terrible and you should know before you buy a product who delivers it to save you numerous problems that Amazon do nothing about, and the customer staff are extremely incompetent and lie all the time",1
Ignacio Camacho,617d971a-dca4-4251-99e6-3cd9f053b97d,"Prime es literalmente una estafa jaja. Vayan a mercadolibre, es más barato y mejor en todo aspecto.",1
Radha Suresh,3a466ec4-7252-4c62-a6e4-f3195d8a0076,one of the best online platforms for easy purchase,5
Klaudia Koperniak,1049c0aa-a8e1-489c-9394-ac3652b5d67c,My daughter cup for her birthday is missing and she so sad she been crying for 2 days and I whish it was not loss and she was wish for it for school but she did not come and I pay for it I wish they can find it and if they don't find I would like my money back and I whish I can give zero in a half I feel so bad as mom that her birthday gift,1
Awan “Jiro” Atu,8f4b784d-01db-4cd0-bcbb-42c944fedd51,Meet the requirements for contact I am the boss ia,5
Juan Carlos Juarez Angulo,03a11fa9-1837-4841-b864-6fdc553737b4,Latest update is failing just keep crashing on s10+. Why is this app so big? All youR dB have is on your servers- it doesn't worth to download an app of ober 1g for this useless app that have to change languaje - its even worst than facebook and that something I don't use anymore,1
Eva C. Metz,2a184f55-8abf-4218-b9c9-f8ba4ef1d847,"Sometimes it gets a little difficult to navigate back and forth, but otherwise great app, very helpful and useable.",5
Darian Delparte,40e413db-16b4-4656-9da8-04eff09a281e,"Amazon shopping is garbage nowadays, all the shopping accounts are garbage quality, the price keeps going up, and now prime video is garbage. AND I love how amazon can just change my shipping dates on a whim without so much as a notification or apology. Or lose my package and not replace it.",1
Martin Vincent,4f453d18-2143-4749-8b36-b98e54af7ca5,Great simple fast,5
Mostafa Zakaria,de368806-db57-4ccb-9921-1312b3ac99f3,Still one of the best online Shopping. It would be nice to send a message with the delivery man's phone number for easy communication to deliver the order.,5
Elyne Faraux Tacita,3508e02b-a10d-41af-aafd-d95cf7b432b7,My order is late 😟,1
Edward,d300575f-ef7c-48b4-87a1-406a308caeb3,No response when I ask for tracking of my items purchased,1
Stephen Gordon,7fcfc9c6-464f-4ffc-a534-7851abd9d326,brilliant easy to use.,5
Alisha ann,050cee3e-9d08-4b30-9095-46a47ca923af,I know this will be one of the best experiences for the family,5
Gabo Garcia,bf0c14f4-92d3-4a57-b809-f9fa3a639af3,"I can't open the app since 1 week ago, fix that problem please.",1
Graham Waters,27d2c2e0-0b6e-4302-9d5b-1b60445927f7,How do you turn this rufus thing off? It's extremely annoying having to close it after it pops up after every search. Also would be nice to be able to switch off anything concerning prime. I'm not interested. I don't need to asked everytime i make an order.,1
Michelle Boyle,10f4d239-31e3-4bdc-85b4-ff2cc1b868b7,"Can't wack it, I love it amazing Amazon...x",5
Derek Wheeler,b75712f7-aef8-4241-b564-cc828cdbde93,great,5
William Simmons,6ec047fa-d9de-44b8-b521-daf8be252466,Excellent customer service Thank-you,5
Rae,64ddecb5-b71c-4a28-ae89-6ba6e076fe8d,"They're reliable., They are transparent and affordable. They offerer high-end merch as well as low priced competition. I have never had to complain, worry, or wait an unnecessariy amount of time to receive my purchase, or purchases I made to be delivered as gifts. I have thus far made purchases for myself and my family, and I have had absolute satisfaction for my money, time and trust. I will continue to shop with them as long as I'm treated with respect and great service. 110% no fuss no muss.",3
ichibor raphael,625afb04-8be3-417a-a9b1-faa930a71f3b,good and reliable and affordable,5
Diego Barajas,44fea6c8-e1c7-435d-ad85-ecab27cb0d30,I've been ordering amazon ever since 2020 and it's been by far the best app I ever used,5
Aaqil Dadi,c4718963-f5a6-4275-b262-b52dd31e14bf,Always getting scammed by amazone nor good app I will maybe change my review if I get my meta quest 3 I got a rubbish fake product,1
Kishan Pinnawala,9dec3580-1f28-43ed-a4db-4993b7f286cc,Nice,5
Akari 18,26da8467-db5b-46ef-8a93-a9432c7d05a8,I cant access my account the security is so high that is useless it kinda restricted my phone number but it requires a phone to get a code... Like hello i cant get it and theres no option for email,1
Greg 5646,d3931450-d7aa-4c59-8bd7-3c033399644d,"I set up a new student prime account to take advantage of prime day. I had difficulty setting it up as it would not be verified. Instead, I started the trial of standard prime, which worked. This let me make a purchase. This morning, I log on and see my order has been automatically cancelled, ""due to suspicious activity"". Now I have to go through the tedious appeals process, and I bet I won't be able to buy the product at a discounted rate like I originally intended! Pain in the rear.",1
Daniel-Catalin Gorgan,ca9c8308-0940-4c9d-964b-c279235eb2c7,Customer experience needs to be improved by a lot.,1
carolyn lee,e8fe7b83-5ae7-4b30-a3ec-76cef7fd7f1d,Kept adding a membership I didn't request.charged me for many months and did not pay me back.,2
sobhy aldardari,3a338070-14a2-4a67-842a-3c966a4c04d6,"Dear's everyone Take care if you have any items in your cart they buy it from your credit and not showing in your order but it's showing in your payment and Amazon they don't have any answers for this issue , I've hade very bad experience withe Amazon team because they only think i want to return back money and they don't admit they have problems withe the system and i will not trusted anymore they even don't deserve one star👎.",1
elisabeth nixon,b142f6e4-45a1-42fd-8230-177df726a2c7,Good service and prices.,4
Ivonne R,d1574b17-ab95-470d-941d-c2fb211bdf37,I love it,5
Tariq Sharif,f7c7cbb6-99cb-44ab-bcac-9adc728c4c1f,I got good info of when my package is arriving,5
Kevin Sloan,cbd62eeb-912d-44da-a419-a8587bf88315,I have a hard time getting things placed in my lists. It takes forever. Not a great app.,2
Chris,a58cbf30-1484-4baf-b234-ae6eebf68520,"Everything is good, Great items to choose from",5
Milan Tamang,82734a84-49f6-40e3-9923-0e210e8df1a5,good,4
Dr.Farhad Khalid,b378527b-9ca7-4b27-b360-f114914e36de,awesome,5
Ninjabro,cb7dae27-51f5-468c-b929-ce18bd6fb49b,"Amazing app! I Get all my stuff exactly on time, and most of the time it's often before the due date! 5 Stars in my opinion",5
Brandon Bentley (Wolfe X),6581df62-717f-4bb5-a902-9b02f2a9bf31,"Great stuff,however, order at your own risk,no returns/support on what you order without jumping though hoops,live customer service is a joke,no solution to problems instead just giving you a run around,app crashes when chatting,items you order from sellers can be 3party/scammers,not covered by Amazon.Ive been lied to by customers service,have screenshots of it,being told yes we will send you a replacement,however replacement never shows,then getting charged again,then fighting to get money back",1
AG -,1f9041df-3ebe-46a0-bf31-fda36c1f35cf,"The latest tracking status of my parcels was updated on the Amazon app on 28th Sep last month where package left the carrier facility and then there is no status update for tracking until today, 9th Oct. This means there is no status update for tracking for whopping 11 days already though the parcels have been cleared through the custom and have been received by me on 2nd Oct. Please resolve the issue of the tracking status not being updated promptly on Amazon app. Thanks",2
kareem emad,0b5462e4-6046-4456-afd9-00c982f2041d,Very bad and not care by customers and their time,1
Jason Updegraff,d01175e3-3e6a-43fa-9a18-8875658a6a74,Keep charging me 14.99 when I don't even use it I want my refund back,1
Martin Arriola,62b3fa6f-1080-4ad0-881a-47bfc386d8eb,Great buys.,5
Elinor Loftus,a7b44f88-f874-41fb-b16f-5b769c6660be,You can not buy Kindle books in app no matter if I try to open the website on my phone it opens the app,1
Buck,cdd642f5-86c8-4ccb-9a82-e2584d0c1312,I love shopping with Amazon,5
Jennifer,f13e0510-b400-49a7-b717-932230e4dc89,YES WE CAN,5
Heriberto Lombera,33d645a3-285e-4a52-b5bc-1556b8cf07a7,I enjoy the convenience of it all.,5
Michael Delesbore,95a9618d-1ed7-4796-98d1-f3f8e115fa4f,it's so cool everything is great,4
Adyss Aldana,2f8f8541-badb-4de9-9d6b-8ea67b2835f7,great,5
rebecca agostini,f69300c2-49f8-46b9-a80c-e3aa246d0b58,it's addicting,5
kay gresham,1a60a4a2-2917-43f9-a9b3-c9f5b9af0fc8,Easy to shop at Amazon,5
Daniel Lopez,4b93aa44-1a86-4d8a-83c3-e36b0b050ac9,always got the good deals and quick delivery,5
M,a27748ae-d237-4bae-a5f0-0ff4f559ba17,App icon does not appear on my phone even after download.,1
Lauretta Melendez,609715b6-b651-44cf-b416-08e893d602c5,fast and easy 🛍 shopping,5
Jeremy Clemens-Mierau,a30430e6-3bd6-488a-918c-e762c1a9b32a,"Unlike the vast majority of Android apps, Amazon declines to implement notification categories. You have to either accept advertising in your notification panel or turn off notifications altogether. In other words it's badly designed on purpose to show you ads more intrusively when you're not even using the app.",1
Zachery Bowers,600ed81b-8cd4-4f68-9c1c-61d2e681f55e,"If I need something quick, Amazon is where I go.",5
Markus Schulz,8f972176-4d64-4217-a89e-ad492bc113aa,The search function is totally broken.,1
Chandra,021d5a7b-a2a2-453a-9c37-d0d3efcc22a9,"Oct 2024. Where did the Lists go? They were under the 3 lines. July 2024. Remove the AI. Worthless. Also, move navigation back to the TOP. Oct 2023. Move navigation back to the TOP. Oct 2023. When you click the heart it won't stay with the color / size you want",1
Quetta Odum,bd600a1f-aa02-48fe-80ab-8f28ddfe9e94,Marquetta R R Tok odum,5
sharon nichols,f492f2ff-a185-4ca1-a581-f188a7de2cb8,You can get it as soon as the next day!,5
Donna Laney,fb320973-29fb-46ad-90f5-6a9128f59ab5,No instructions,2
Heidi Huie,9a4538d4-2288-41cd-896c-0bce05495dd3,Love it,5
John,fd1ee5e6-1fbc-40e8-be9e-d1dd57396d5f,"All good until I break another phone, (butterfinger that I am) and I download the app again, and it wants to upgrade me even though I am already subscribed! That's my two star deletion! And the end of my RANT! Lol",3
shawn sharrar,4ddd4a8d-88aa-4be9-b75e-e8b741c63c55,have shopped on Amazon for over 10 years and have never been disappointed.,5
Kelly Seymour,5e30d53b-866c-45c0-a3a6-9e12d3a469c2,was unable to get the deal on an item because of amazon had a problem on their end.,3
Julie Mitchell,16f4f534-3af2-4310-bc7a-e3d8d3cac323,"Very easy, no rush! Searching and shopping with alot of options to choose from.",5
Spenny Tubb,49674b71-df60-4c34-bb23-8c7e4f0b5536,Really struggling to download pictures on the Amazon shopping app since the update. Using pixel 9 pro xl,3
A.,f895de8f-9fdf-426e-a21c-6cf23da95254,"Great app. But stop allowing sellers to cheat people with ""deals""",4
Johnathan Harris,258fdaa1-9dd0-449c-a45f-0fedcaf7211c,No customer support flow. Where can I contact support now? I shouldn't have to tell you to put a big button to start chat or call support. It shouldn't have to be a hunt to find the support button. One star until I find it.,1
Kayle Sanders poe,796f15cd-c606-41af-8588-31950e98a565,"This VIRUS/app downloaded by itself into my system apps JUST LIKE A VIRUS WILL! SO YOU CANT REMOVE IT!!! and now my phone is going crazy! Because of this VIRUS/app I dont even use amazon and now I will for sure tell everyone I know what they did and how they destroyed my phone! I HATE AMAZON! THEY FORCE DOWNLOAD THEIR VIRUS/app AND THEN BRAG ABOUT HOW MANY DOWNLOADS THEY HAVE! SURE YOUR GOING TO HAVE 500,000 DOWNLOADS WHEN YOU FORCE YOUR VIRUS ONTO PEOPLE!!!!!! AMAZON IS JUST ANOTHER RAPE-O!!!!",1
Michelle Phillips,7560f502-d746-4a63-9515-78146f2fc083,"No longer sends notifications when delivery arrives, and instructions for setting up notifications are incorrect/no SMS option. Package delivery was initially delayed by 3 days, too late for my needs, with no way to cancel it before it arrived. And I was going to be out of town, needed delivery for the trip. The app has a lot of limitations.",2
Robert Clark,cb4949c2-a705-4063-ad73-76b9c091e758,Prime days are a lie always price check!,1
teresa,4fed6d6f-7182-483f-bba7-a0c5374ac3d4,App sometimes is unavailable and doesn't work properly. Besides that I would give 5 stars.,4
Lucy,a1605722-e1e3-4364-884d-805d01b2c66a,I don't know what shady deals get done between companies but to agree to installing apps unbidden is disgraceful.,1
Charise Keith,ba901b9e-172e-43a6-987d-f7def420b6eb,Love shopping on Amazon. Items are reasonable priced and they have literally everything. I rarely have any issues with products. Their returns run smoothly and refunds are like anywhere else you shop. You can't always go based on reviews because what might not work for them may work for you. If you read the descriptions and look at the good and bad reviews you can make your judgment from there and just do your research on products. Other than that Amazon is a fantastic app!,5
Joshua Lewis,ed884672-f65b-410d-aaca-1e0aaf5e4a08,Prime Day's a scam! They raise the original price and charge the same,3
Leeni M,d1ecbf7d-d886-4b27-aec7-877f385fec7c,love it,5
Priscilla Jernigan,35f1f873-e74f-41fe-bfc5-c30da31d350c,I love this app!!,5
Tanveer Ghani,2dcaa036-7791-4ba0-bbed-b23dfdc71a65,Free 1e w⅗422233:,1
Marie Sanchez,111de808-4dad-4562-b7fa-8426ce873d84,I love Amazon I been ordering from this app for years. Anything you need you can find at amazon.,5
HIMANSHU GANGWAR,8904b418-4754-457d-ad45-3f8ab5ea4048,"Items are missing in delivery. Dear buyers, Please use other good platforms. Noise Earbuds is missing in the box. If amazon is not a fraud, then please check.",1
Gareth Halfacree,468fcbbc-8f46-4e66-99a8-dcbf06157587,"The most recent app update has introduced an ""AI assistant"" button which, when pressed, activates an LLM to hallucinate at you while burning through water and electricity. Do not want.",1
Marty Dougherty,45dfc62e-a6bc-40eb-a975-9535c226bdba,I bought another my dog chewed the receiver up It's a good product,5
Carlton Brown,6e549245-e9b3-4547-b9e5-36c7031fbde6,love amazon. its a great experience,5
N C,4a6b9a05-bf43-4b05-88d8-67ef61667268,"Do not expect to get your funds back when returning or canceling items with prices above r200 you do not get it, tey say nope you do not get it. No mateer how many messages you send, bu they take your money immediately. Just another overseas middleman thinking south africans is easily scammed",1
Alan Coupland,abfd3d22-c1ad-4bac-813b-8d20752e17e8,Excellent,5
Justin Kulick,938eba9d-72df-4e10-9d1e-e401d76bb68d,Be careful to check all the details before you click buy. This app has started to randomly choose different saved shipping addresses and sends my packages to family inother states. About every third time it will just pick an address and send it there if I don't double check the shipping address. It's supposed to be easy and convenient. One click buy right???,2
Robert George,f1bb5e72-b827-4a83-8931-3c10c35ae7db,Great,5
Kay Sellam,7c0f284f-ae5a-4770-90c7-9fda012db912,Easy to use,5
jon alexander,0dfcf1ff-e985-4f80-9829-1727e405e5d2,"Amazon app works fine, amazon itself is ok, a long time prime member, it was great years ok now it charges for movies to rent or buy, you can buy a mobile phone with battery, a pack of batteries any brand, they can ship to Ireland, but won't sell a power bank to Ireland I can't work it why not, some of the items is great quality, others are pure rubbish, we will see if I renew my membership thankyou Amazon",3
Paul Kazmirski,4d6724b9-f575-4fa7-a421-6722ec31f786,best customer service,5
April Carolyn Lavado,ee5b40bf-b92b-4167-9e28-b7522309f207,I hope my parcel will come today. Please.,1
Phii Phii,afad90f1-1e39-45f2-ac4f-1d8645c135ad,App is easy to use however can there please be a dark mode! It makes shopping at night much easier.,2
Paul,7f2c916b-ed8b-4691-ba3e-bfcbb18c2fd5,"""Rechnung herunterladen nicht möglich, bitte PC benutzen"", so sinngemäß. Sorry, aber ist es ein Tante Emma Laden oder doch Amazon?",1
Mortada Big Star,6584d8a4-908a-450f-bff5-e9880ee073db,That's great,5
Dan Brasil,2241328d-7716-4397-9758-0ff2103444b7,"Buggy, broken app that was forced on me by the website. Can barely log in and can't add new addresses while ordering (unlike the website) so completely useless.",1
Eligah Christian,5be89e27-55ba-41f8-98a6-db9faf77c049,"Outstanding Prime service for Alaska shoppers, while other companies wont ship to Alaska or charge outlandish price gouging shipping cost. Thank you Amazon and Amazon Prime.",5
Justin T,9769b124-d71f-4141-a4b8-d683595f4c4e,"It's 2024, the largest online retailer can't manage an app option for dark mode viewing for eye health. Real problem.",2
syMarcAn,7e6eb01c-28a4-4dd3-9a11-2344d1a44743,"Excellent, no complaints.",5
Kayla Carson,954d8c3e-58c8-4ed5-8b3c-d275fec1da14,"Extra notifications for prime customers even if your not one, awful sales tactics along with £35 min spend to get free delivery, super tight, no wonder their loaded at amazon, AVOID because of lack of amazon customer support , leaves you with few options if there's any problems discrepancies and does not want you to chat with a amazon customer service representative. Disappointed to say the least.",1
Lotfur Rahaman,441364c3-e826-4222-a37d-4fb6c61cf755,ট্টভঘ্নঢঢ ভ্লটচভ্ল জ্ঞ,2
Archna Patel,932813ec-4f62-43d6-8670-e078b4c97d3e,"You should have the option to remove rufus and it takes an age to get to or call Customer Service! How many hoops do you expect us to go through? It's like a assault course. One barrier after another. Also there is still a lot of poor quality tat being sold on amazon, it can be hard to weed out what you need from all the suggestions and poor quality sellers",3
OCF,5999e8a3-eaad-4328-9613-2489975aae4e,"Can't size android tablet page within app, so images spill past edge of screen making it visually uncomfortable to scroll product. Very, very poor filter options. It's Amazon's choice of product or no product brand Can't be doing with the biased algorithms for product suggestions and hate those intrusive videos of some geek flogging tat. Doesn't present or offer the same experience as Web based system so your choices are restricted",2
Riswan Fahis,07514087-2d24-4fff-8b33-3d3fdb4a7bef,"Customer service was too bad. Utterly disappointed in amazon. During this Great indian Festival, I purchased one refrigerator from Amazon on 29/09/2024 and I received a damaged product.Tried to request for a replacement several times.Tried to call several numbers which i got from amazon app and website, tried sending email to amazon, but there was no use.The same product was available in Flipkart with lower price, unfortunately i decided to proceed with amazon as the product stocked out in flip",1
Tracy Nartatez,2a33a23e-4834-4bd6-9153-808cf911f8e3,easy to use and reliable!,5
Luzita Carrasco,e7aaf685-7dc3-4b7e-8c06-442ed4528d1a,"Last two orders were not delivered, sometimes the delivery agent doesn't call prior to the delivery. Overall I like Amazon products!!",4
Seth Urbingle,b649e55e-af2d-4434-b9fc-c591cfcbb2de,"There is no place to give feedback on the app. Everytime I order a rare DVD that's on sale it gets lost and have to reorder at a higher price, if it's even available. Why does the tracking stop once the package is delayed? That's when it's most important and informative, you get nothing except package is delayed. Through experience, I know package delayed means it's not coming because someone stole it or destroyed it.",1
Law Forest,7d125cea-ce47-40a1-a880-2382ba5eed98,More often than not it says oh we experienced issues on everything I search it is so broken every time it's updated it gets worse this is ridiculous and again more often than not oh sorry the experience some issues go home that's what it says,1
Omar Hernandez,4829fc30-ddd2-4689-9287-a30915243880,not too happy,1
ELIAS RODRIGUEZ,d0df9958-9c6a-4337-96ce-77cc7ac9af47,🔥🚒🔥🚒🔥🚒,5
Timmy O,815b48aa-8c6d-4c0e-8cc6-7e00810b424e,All good until it's a issue. -5 stars,1
Maga Maga,8b2e7ca2-c8aa-476f-8aa0-eaf18485b272,can you get rid of your stupid app open ad?,1
Richard Anderson,a0d52bc8-9722-46db-8175-425863641443,Shipping is never on time. I have prime and it always says 2-3 days for most items. They are constantly being delayed in shipping. You guys have my address. You need to do a better job on estimated delivery. Not say 2 days just so I buy then delay everything. You'll get 1 more attempt out of me. And I'll drop you guys.,1
Kiyawni Sandy,040811f5-1abe-4978-aa9e-185e586f54dc,"Need to fix bug, it keeps kicking me out when I'm on there, I don't even have time to browse",3
Nathaniel “Nate” Hanson,2fbbffbb-a3cb-489a-8166-86f04cb4a518,Always great shopping here.,5
Leo Man,04e7174c-9480-4ebe-8a9b-e456eda529d8,My experience is very positive. 95%+ delivery guaranteed. Rarely fails and always fair with their return and responsibility policies.,5
Erik Jurado,30421d88-a55c-4063-adb2-69260448103d,I always find what Im looking for. I always order from Amazon,5
Kettlyne Richemond,01dfe151-a8de-43fd-bc0e-780f263122ff,It's was easy to navigate and order online what I was searched for.,4
Thomas Randolph,419f95eb-272d-4d3d-a67b-f75627abc0fe,Everything under the sun at your fingertips. Then at your door a day or two later. Can't beat it,5
hama mahdi,57bc8605-5831-4b41-9384-4d0eae686b94,💙,5
Aisor Hallal,a2345d1c-d1b5-4f7f-8556-5eb4ab02aed5,I just want a dark mode.,1
Trace Allen,f0746141-45c5-47a6-a65a-fc6f69ea847b,"Great selection, super easy, and fast delivery. Love it.",5
Lathen Flick,acddc28a-701d-41ef-83b7-bf59ee2e4df5,It works good and is simple,5
Jenna Amédée,d92f4965-32f1-4e1c-b489-d35dbff09ae7,This is the best shopping app in the world. The interface is user friendly; very easy to use.,5
Dominic Beglau,5ba044f9-87b9-4cca-a006-2b12d9a31fd6,I purchased a $20 item and signed up to a free trial with Amazon prime to get the free shipping but as soon as my order was processed I was kicked out if my account and had my account put on hold along with all my purchases. Not to mention that I was given a notification that my order had been unfrozen and my account after a day yet it was actually just canceled by Amazon and 5 days later I'm wondering where's my package 0/10 Amazon,1
Randy Meridith,e5466d51-3cd1-425b-b4a3-a71e8bb8a8a9,I'd rate it as five but it all of a sudden says it's no longer able to work with my device It's not a memory issue fix it or I'm done shopping with Amazon. I ha e installed and have been using regularly no it sends me to the app store offing me to install it the says it'd not compatible grrr,1
Krombopulos Michael,001e368f-7d5d-40be-80a8-7637720006cb,"Apps fine besides their ""updates"". With their last one, anytime deals pop up, which is another issue on its own, depending on the deal so for the PRIME BIG DEALS anything with that label you can't save to a list. Option just isn't there. This has happened on multiple other deals and the subscribe and save.",4
J S,6a7b32e1-f91e-4f5b-a7c1-6ae1026a72a6,best deals,5
Rhomis Rhemis,b0f0901a-999e-4762-b417-757a3a6bcbcd,No easy way to convert it back to USA English. Uninstalling and using a web browser instead.,1
Kelly Redroad,390692ab-1903-4f3b-8289-16acd6bab735,awsome,5
عمر اسامة,70b3e189-6c90-451b-b43c-975bd9be5599,مقاطعة,1
Pink. Panther.,64e26397-2d5c-407b-9904-5f6334934830,absolutely love their merchandise...,5
Azeem Mohd,f26a6576-fd8d-42dc-887d-f454c1c5fb77,good,5
Eric Johnston,3504b174-7904-42b7-9ceb-ac777bce5e94,"Will not do price adjustments within a month. They tell you to return the items and order it again. Complete waste of my time and also extremely wasteful, very disappointed with this service.",1
empmachine,62b92ee8-3e8d-48b5-b75b-083c17dceebf,"I hate the splash screens they make you wait through.. I get that it's like 2s, but it's dumb and deters me from buying stuff. I'll make a point NOT to shop on the days they try to force me.",2
David Rodriguez,1f3245dd-7677-4262-a385-2d792cab8a75,"Amazon is PURE evil. On Amazon Big Prime Day Oct. 8-9 in 2024, the deals are all BULL$H!T! The items I was interested are the same price as the day before but are marked as a Prime Deal ... AT THE SAME F-ING PRICE!!!",1
John King-Visser,99eddc14-de98-4c3e-9ad4-72c07bf4224c,Keeps crashing.,1
Tracy gore,1b40ecb3-73c4-4b1f-858e-4fb1044c210d,"they raised the price of Prime membership, and now I dont get 2 day shipping. most of the time, it's 5 days or more.",2
Ty Lanz,dbca67f6-f764-474a-92d7-197635614d19,awesome,5
Shaila Gray,f77147b1-7b28-4f62-b8f1-8b13fda18c93,"The app is usually reasonably efficient as a complex shopping platform can be for mobile devices, but sometimes changes do leave questions about reasoning. In the latest episode of questioning, the ""upcoming deliveries"" list is now an awkward horizontal scroll that quickly becomes tedious to use if you get more than one package a day. Unfortunately the web view of Amazon doesn't have a way to sort the order list to only showing arriving deliveries.",4
Florence Beach,3cb25a58-ac1c-4f8c-b2df-171cae27a062,We absolutely LOVE Amazon!! Everything you need right at your fingertips!!,5
Phillip Docherty,5a11440f-50f1-4497-ac71-bec4a0555fe9,"I can see why the FTC is putting Amazon on trial. Had a package delivered to me twice. Both times their foolish delivery drivers have delivered it to the wrong address. Call customer service and they promise to give me a refund, but the next morning I get an email contradicting the promise made. Still billing me for a product I didn't receive. Talk about disrespectful. My granddaughter doesn't have a dinosaur costume because of Amazon drivers shenanigans. Scammers.",1
Marc Pilon,9a218857-ba1e-45c9-b440-18e7f848175c,Loved the app until the update. Now I cant see my recent purchases or my history.,2
Rafal Wozniak,d03242b4-c021-437c-bb8d-4fb6a03621b7,Lol prime day deals are a scam. Why do you guys jack up the price and then put it on sale for the original price and call that a deal. You guys are scammers and nothing more.,1
Philip Cain,77fbed17-d748-444d-b0c8-6178e926baee,"Normally good, but on occasions you suddenly notice that your purchase is not on a next day delivery.",4
Peggy Gaddis,a68d5a33-3cf5-454c-b421-f974c7d1ec97,Great app,5
Bassam Maqboul,4338b6f5-cfe3-4a5a-84c6-89ccb6584cce,"They deleted my account with no reason just did it, because I order derma roller 😁 isn't it legit!😁",1
Laneek Smith,dcfc9f0c-ae33-437a-9d8a-dfa7d04fc9f6,I love prime day🤗,5
Arielle Binette,e4c6da80-e4d9-4cfc-a482-d08286100fdc,"Prime day is a scam & feels like fraud. They jack the prices up to then discount them back to their original price. Had a projector on my saved later. 2 months b4 Prime Day, it was 139.99 with a 40 coupon. Prime day offer was 110.99 with a 10 discount. Toddler helmet b4 was 35.99, jacked to 50.95 for ""Prime deal"" of 36.76 The music and TV service is OK but the shopping is now disgraceful and embarrassing. No variety anymore. Rinse and repeat listing's. Temu and TikTok took all their vendors.",1
Thea Cassar,db34fe00-9cdd-4745-a652-d4c4c6b8b1cf,I canf't get the mens sandals I want.I want to join.,5
Jaydus T,72a64510-89cb-427f-afbd-e787d487882d,"Will not allow me to sign in, keeps saying either that my password is wrong (it's not) or that there's an error.",1
Layne Lorenzo,f436bebc-e0ba-4a7f-90ac-0af121ac2f59,Trash app,1
Ben Turner,80b28223-1b2d-45f4-86cd-864b93b6c88b,I guess your puking n choosing reviews now. I'm totally blocked from. reviewing 1 product. Amazon just ignores emails while vendor says they have no clue.,1
IRAM QADIR,c176144d-56d3-4b4c-bcd7-78cfbdd415ae,Great shopping app,5
Intan Agustian,755e8d03-c95f-4fe3-8aeb-11281d3a3d6c,"bad delivery service, bad customer service, until I received my package, this one is suck",1
Maginus James,fff69183-3aab-4f24-840f-c914eef6e528,This app needs a dark mode desperately!,3
Eduardo Diazdiaz,e03c3759-a5e0-472d-8d20-25c2125a1e25,No good,1
Anjinie Persaud,95b229fa-389c-41cd-911f-b82d6408d321,Amazon delivery guys are from Ambani's family. They won't deliver it to your house you will have to go and collect it. and if you dare to miss their calls they'll show that the customer himself rejected the order. pathetic and disgusting.,1
Azhar iqbal MUHAMMAD SHAFI,90429b20-cfa9-4b65-806b-8e8c85a8ea43,Very good,5
Adaora Igweagu,d75eced0-1ede-427b-8eba-01d87f7846d1,"Easy to use, fast, no gliching. meets my needs",5
Kwirna Ngeze,3444fc03-fdd9-4afd-84bf-f51a46138ed5,It's good but there is a iphone that Cost 0$ am buy it,5
Tina Jones,fc80468c-996d-466c-8167-502789100b49,fantastic 👏 👏 👏,5
Peter Warden,7bfaeb54-2d9f-4e31-bcfa-76b740a59c36,"Confusing app, nothing what you can't do on the website, what's the sense of this app, why do I need it, only to get extra ads on my mobile, I don't like it and deleted it.",1
godfrey jarvis,99852f41-b229-4296-b8a0-0f0244788220,Dose not work with my phone so I cannot get OTP for my accounts,1
Dominique Chauby,44e70830-e17d-4581-a4ca-9a2e4fe49a3d,fabulous Quick and efficient,5
Tezzy “Tee'Monii bagg” 2wohood,8a3853cf-f97d-453e-bc39-b7387dbebad8,great,5
David Harmon,4237ae24-ae84-4e30-80dd-f9a06d3867b1,I love this app for shopping especially at Halloween time I bought my costume with this app,5
Jane Stott,196556a6-046b-4ce0-bc86-ca3bf67bbd1c,Very good assistance and very polite. 😊,5
ARUN KUMAR SAH,76ac4ca1-cf59-40ac-bfb9-fb9074388cf1,😁,2
Moses Jesudass,82cb7d36-f90d-416a-9d11-fc2ebe2e63ac,Amazon always the Best 👍,5
Ihsan ullah Farooqi,c2e722c9-c14c-4278-af75-48a37bdfd8fc,gooooooooooooooood,5
lola ash,6c49f668-728f-406f-8f8e-f700d4793322,They closed my account even though I didn't do anything,1
jonathan dela pena,b8512737-6f37-40a2-9545-dc52aa218619,greate online shoping,5
Cris R,befb0bbf-44ec-4302-8253-ec371cd8234b,"Scamazon is now worse than ebay, ebay used to be known for doing shady things , well mostly the sellers, several times now I've gotten stuff shipped directly from amazon, either the item has been swapped, the item is badly damaged obviously was used or defective items, I've spent thousands of dollars and hundreds of orders, I used to only exclusively shop on amazon including amazon fresh, but that stops now, amazon is terrible, and they have terrible customer service non existent at this point.",1
GOLDEN ARMS,5e1d45d6-7403-45c9-a1cf-eb4ff865796e,Worst app for shopping. Total trash,1
Zoran Stanko,50202a68-deaf-4a7c-b0ad-2df486df5053,Fast and reliable,5
Vaibhav Panchal,01685265-d519-4779-be3b-721826caba2d,"Sometimes, order history is not showing even after logging in again.",1
KELVIN,91f19328-9d00-4bb3-a114-483db75416df,"Love your work over there, just gotta be clear.Gald to be back in baby's arms looking forward to start business with you my Amazon store five stars of good whole stuff. GOOG stuff good word, k-den aloha and mahalo...",5
Shk Husnain,79dd4deb-6fe1-4085-8a4b-c144423ab918,too much hurt my heart my account money waste v.bad give my money bak plz,5
Jake Davis,6189a0eb-b30a-4ff7-a440-423f2cb67a4d,"-I had to manually go back to the credit card list page to confirm after adding a new credit card. -There is no option to auto-read credit cards -The videos on the review page don't play again when I press the ""play again"" button. -There's no filter for m",2
Aphrodisi Laveau,a4160071-3a15-4e71-bd55-91603df3f310,"Got scammed out of $91 the representative ""listening"" to me didn't actually do what they said they were going to do i explained that my old bank account was closed and under investigation because somebody hacked me and then it could not be sent there they sent it there anyways instead of doing what they promised which was sending it to the Amazon balance lost my money they take no responsibility for losing my money not to mention after purchasing the product my bank was hacked very suspicious",1
Julius Paiz,3d56565d-4a17-4ee8-a76f-37211e59d048,Better options like it says in the feed.,5
Marilou Talarico,bacd71df-ea44-455a-b89b-57098ea06f4e,I just got the app installed! Let you know when I use the app.,4
Leona Reber,d2176d7b-8739-4b57-a090-166390b84330,"I've always been happy with what I get from Amazon. If there is a problem, it's taken care of quickly. I depend on Amazon for the mundane and exotic.",5
M. H.,bf65e5fd-77a9-48ff-90ba-00f80a186124,"App is messed up - non of the items show PRIME so your prime day will be affected for those like myself who use the app...for 10/8 & 10/9/24. Not one item shows PRIME. I uninstalled app. I went to browser on my mobile and I can see PRIME items on browser but your app does not show any PRIME items. Also, your CALL BACK is no longer easy access. I finally found how to find it - not user friendly - APP NEEDS TO BE FIX!",1
Aidan Loughran,94116edc-9c50-4e56-81ec-a905b9be0f64,"App (and overall user experience) has been declining for a while. Now you give us a terrible and unwelcome 'AI' assistant. It's not useful, it's not needed, it's just taking up time and space. And there's no option to turn it off, so I just have to swipe it away all the time. Irritating.",1
Alu Jacob,ded290fa-8702-453a-9d89-55f82e0432d1,good 😊,5
Geizelle Bergeron,c901e34f-78b9-4b7a-bb81-73abd781be09,"I recently got a prime store card. But when I tried to purchase a lift chair and make pymt arrangements for 6 mos.i was led to believe that I was going to do that. But I didn't know nor was I told that my measly card was charged the total price for the chair. When I called in about it, a customer service representative told me well you're still paying the amount of the 6 mo.pymt plan. So when they didn't do anything about it, I closed the account. Just paid $80 and will pay the card off!",1
Jamma Carmichae,15ecbcbe-0ab0-4877-9ef5-18f0b2522b9d,"I don't see the reason for have Amazon Prime when all of the orders are been delayed, two days shipping is a joke.",1
Naomi Okocha,a2fb0cb1-95b6-43e4-a1f0-a7ae56f7936d,nice,5
eduardo martinez,461811dd-ecfe-412a-9cac-2f48ff5458ef,it's very reliable to buy things.,5
HE HE,eeef2d8f-67e5-413f-81c4-b4d48da5a961,"Is there a Dark theme for the app? Opening this in the middle of the night is like a Flashbang going off, If there is I can't seem to find it if not than maybe add one? For my eyes and other eyes sake.",4
n Chavo,60455b34-b6b3-43b8-ad06-fa51172f62aa,"Do not get the Amazon credit card, they have tons of shady business practices. They advertise on Amazon site saying 6 monthly payments, then wack your card for the entire amount",1
Carol Hughes,3a322bef-3238-4d94-baa7-9d01d73147c5,I Want to shop,5
Jeremy Maresh,b190e89a-f940-4c4f-87c5-b4534c719e7e,Dropping this shite service bc no more 2 day delivery.,1
Charles Leon Shafer,70674872-0903-4084-a746-f4674a41ce8a,"Updated 5/3,13/'23, 9/9,22, 10/7/'24.| I have made many purchases on Amazon and have never been disappointed. | 🇺🇦 SLAVA UKRAINE! 🇺🇦 | 🖖 Live Long and Prosper.| 'NUFF SAID 😎🇺🇲❤️",5
Corey Clement,b514c53e-3c4b-4d02-8273-0a1e41249f8a,It is absolutely disappointing to see such a big selling company that can't provide a book ordered in august . Take it off the site if you can't get any more copies. What a waste of time and money to not even get a book .,1
Collin Stern,0bb7eb33-a0bd-4dc1-96c0-fe075a81c0f1,"Over all ok. But I don't like when the item says 1 day shipping,and then Amazon defaults to 2 day during checkout.",3
Anthony Hall,6bd6e5b0-b8fa-4515-add1-ec934e21aeb2,I would like to shop beetlejuice beetlejuice stuff,5
Shawn Lash,e80a6ba3-0a1e-41bd-941d-c635f30d7f98,Great prices all around,5
Zaro Drye,1924f936-d3d5-44cf-985b-498a477aca83,Not able to open app,3
welcome blessed woman Jackson,df9761e3-f33e-4532-9853-a730a56a4edf,"everything i have ordered has been awesome they let you know when it arrives, and its a blessing.",5
Nikolas Banks,5dcec30e-9eb3-4295-b7d2-6f1e46b712f7,Scammed,1
google sucks,67439572-2d86-43a8-a815-53115c692047,Okay somebody tried to charge a phone with my account but fortunately my credit card was expired so it was locked for my protection so I called Amazon customer service but it wasn't Amazon it was a scam phone number of Amazon scammers when you call to make sure it's real tell the company to send you a link to your email to reset your password or delete your account and make a new one and if they do they are for real Amazon is great watch out for fake numbers,5
sharon sharon.sweder@yahoo.ca,3d000a00-e23d-4d94-9156-431bddd53186,I deleted this account,1
Darshil Patel,746dbcd2-ba13-4e00-843f-85b49415c71a,I have ordered iPhone 16 pro max today i got delivere in the iPhone box completely empty not even iphone and it's cable inside. Very bad service by Amazon. No response from anyone I'm still waiting for response.😡😡😡,1
David Marley,f0ba3a55-358a-4fb5-a711-8c8f0725ac6b,Takes *WAY* too long to load fully and be useable. Had to give up on the app and use the web page (with ad block) in order to get anywhere.,1
Med Med,1dcdaeef-1c75-4a08-9747-bbb49eb8a01f,I cannot delete the app. You are manipulating our minds!,1
Carlos Rodriguez,f4e00147-d9e7-474b-8a17-bf85e3a4384f,👍 up,5
Kenneth Young,35b9cc18-a1aa-4022-80b5-3094bfdca32f,"Great products, fast shipping, great deals. thanks",5
Scott Stauber,351f4009-c6e3-43b7-be5f-b45814d92f9e,Any change my pass word or accounts. Don't like the fact I can't uninstall and reinstall when the app malfunction which it has done. Way to go. Will get a new phone where I have control,1
Jessica Rodriguez,99f74208-c5bd-4e66-8f03-8de6193b336d,"I been buying from Amazon for several years, everything is fine, but I have already made several purchases that are either left in another apartment and if they give me my money back, that is not a problem, They are very responsible in that sense, but the drivers should make sure where they are leaving stuff. My last purchase was some air purifiers because I have kids with asthma and the purifiers did not arrive. They were for 10/6/24 and they want me to wait until 10/10/24 to see if it comes",3
Ray Bautista,9d3d7dad-69c2-451e-b848-ad3ef1b9b599,Great,5
Gumisiriza Julius,11bc48b9-c13e-4329-b1ee-cc71a3d1d2a7,Easier than you think,5
Mary Perez,2d6f2cb1-9c54-422c-87eb-113ee016b541,Great flexibility to shop and fast delivery.,4
Mick Nelson,b40d0a87-ed5c-4896-b257-470baba25608,"No option to disable the new ""Rufus"" AI assistant which constantly pops up and hijacks your search results.",1
Stephan Pantry thorne,8e12860b-8882-4284-872f-20b99b663b7a,I have amazon prime account and it's fantastic,5
Muhamad Osman,c396e66c-10b0-4170-a441-c3425e18dad9,"Bank declined payment after the update. Before the update, payment went through smoothly",3
anant shukla,307729d6-a06b-409c-a88a-8f2d332f47e3,Latest version is not supported on Android. Amazon pay doesn't work then. My refunds are not given back to me.,1
Nobody IsBest,703fddcf-8e93-4b37-bdff-b7673b510375,"Used to be really good, now the opposite. Many, if not most of the products come straight off of Alibaba or Temu and they're sold by companies nobody has ever heard of, such as Ezlife or xtyc. I won't be using Amazon anymore.",2
Julie Brown,0aa1efa3-3c61-4ec7-82e6-e5f1cee4ff7c,Never had a problem that couldn't be fixed. Easy returns amazon pay for. A lot of items cheaper than ebay. Next day delivery is great. Thanks Amazon.,5
Charles Jones,72c97abc-2512-401c-998d-5b2126095f7b,alsome,5
Arlene Mosby,789bad44-6bd8-4dcc-ae8d-972a2bb38b95,can't watch product videos.why?,2
C B,4a6d03ca-66c0-444f-bfbc-2f0911cc60c3,"Manipulative and annoying user design, terrible shopping experience. Too much marketing replaced any useful search results. It pushes ads and promoted listings. Design is a mess of scrolling in every direction with videos and articles forced in the way. Viewing past order info in app is a pain. Not all account settings can be managed from the app, they still force you to login on a desktop to change some things.",1
Aaron Rawn,4b5b943e-f916-4f22-b006-6e1773c1a49a,"Says will be delivered tomorrow before I buy it, after I buy it it says in 2 days. Bate and switch or what!",1
Karolyne Hernandez,67372f9a-9b0a-45a7-bf1d-0028fcecf163,"Royal pain to sign into! Please replace the picture direction match puzzle that is meant to ""secure your account"" when attempting to sign into the application. It is faulty and extremely irritating. It took every single answer that I submitted until I would get to the very last one, and then each time it told me it was not correct. And then it would make me start all over, just for the same exact thing to happen time and time again. And to top it off, it would add more each time. Not happy.",1
Albert Smith,8d62162c-2a20-4cce-9e35-e51d32a32109,Horrible and irresponsible!! I ordered on September 2nd to Turkey and it still hasn't arrived until October 7th. What's worse is that the alleged shipping company doesn't show any information about the tracking number. I wanted to cancel my purchase and was shocked when AMAZON asked me to return it with a code. How can I return a product that I didn't receive!! Thank you for your incredible disappointment.,1
F P.,04e7a274-7fc2-4bec-a4ce-3cfc15bc5c2f,DELAYED ORDER no option to cancel !! POS app,1
Lynda Mealue,075c6d38-8029-42d8-b505-d5972831ec37,Many choices and quick delivery.,5
Robert S.,59aeec89-fb23-4385-aab8-f0a657aafdd2,Not that they just full you for purchases but they late on promise of 2 days delivery after membership is payed!!!!.Some delivery do come on same time they say but if the price is not right they late !!Do not trust this delivery or do not pay membership bc they do not delivered what they promise and they will overcharged!!! Do not even think to take they credit card bc they interests us insane and to high even for high credit over 850 credit score customers ! Imagine that and let that sink in!,1
lid tous,77488052-dd93-4459-b35a-ef546c9ed0f5,best option for shopping,5
Khamdy Inthachak,6717fd37-1e3c-4a99-a2a9-c8d1bfddc148,love it good product,5
Jemas Dhami,6be4da0b-1c75-4516-b162-42f43172d855,Super online marketing app,2
Thomas Roland,3f14fb14-b92c-453a-afae-3cdc7941476d,They lie about prime shipping now,1
Kimberly Henderson,018eeaad-81c0-4f96-823a-abd8477d3bff,The app itself isn't that bad until you need customer support. Recently I had a big order off both food and personal items. They put it all in the same box and did little to nothing to protect the glass jars of spaghetti sauce. It was a large box. The broken sauce jars pooled in the bottom. Everything that was in vendor boxes absorbed this sauce. The broken glass broke other items open. I took a pic. Xferrd 3 times. Nothing resplved.,1
Jimmie Brown,ed578082-27ee-40c2-86a1-a25eb3115e97,Love it!!!,5
francheska quinonez,92790188-0d6a-4d4a-a48d-e91b6a680918,PLEASE ADD A DARK MODE TO THIS APP.,1
KRATOS 499,a67df216-ed72-495e-ba60-f1683d184e1e,"I pay for Amazon Prime, and I constantly keep getting my orders late and or lost or stolen. Amazon asks for reviews, then turns around and complains about the review when it's a one-star review that Amazon earned themselves. I do not have a problem with any other sellers except Amazon distribution themselves. It is very irritating, very irresponsible, and beyond ridiculous",1
Canae McCoy,7c209b74-c63f-4c01-b101-f72951305af2,"The app functions well. Sometimes you buy something new but get a already used product. Sometimes the packaging is underwhelmingly bad. Sometimes they forget things from your order. Sometimes you. can't contact the seller and you. end up with a. brocken toy. Sometimes you need to buy above 40,- for free shipping. Sometimes you ccan't write a review because it won't post when you talk about the quality, price. or packaging.",5
Moises Miranda,fe06e32e-f681-4898-b64a-2f9469d8eb89,easy and fast to use,5
Andrii Ostranytsia,840d2c32-f8ee-443a-b43f-0434a622b234,2023 DARK MODE PLEASE 2024 DARK MODE PLEASE UR USELESS,1
Ricki Skikus,cd64e32d-0212-4bc4-8d7b-fd2d07ed4e6e,Love this App,5
EMAN BASHER,0082de5b-201c-463d-a23d-c11030041312,baaad,1
Sacara T,53f8562b-e4ac-4f2c-b37c-2b7289ac2eea,Man I use to love Amazon until they opened up a warehouse here on Oahu. They literally hold packages for a little over a week at their warehouse here which is freaking ridiculous because I've never had this issue before they opened their warehouse here on the island. I can't say it's the sellers because it's not it's literally the workers in the Oahu warehouse that is delaying packages. I understand packages get delayed but over a week while just sitting in the warehouse is ridiculous.🙄🤦🏽‍♀️,2
Stephanie Wagner,d6241ac7-8aad-4c27-8681-91bff7c0e294,"Non stop crashes. The most aggravating ever. For over a month now nothing but crashing every 30 seconds, completely shuts down and loose my activity.",1
Quran tv with hamza,ff00152b-318f-4abb-aac6-2c738d88991b,awesome. simply the best service you guys provide. thanks,5
Patricia Taylor,05f92777-dfb6-4d06-9aee-7e08d4e46b13,Answers only in Spanish and I don't speak Spanish,1
sara Yasser,7a720516-60c0-4eb1-a401-517e5e8489bc,اسوأ ابليكشن ع الاطلاق اسوء خدمه العملاء لا أنصح باستخدام والا التعامل معهم إطلاق فشل في تحقيق الخدمه مع العلم كثرة المحاولات معهم لعدم التسبب ف الظلم ليهم ولكن جميع النتائج باءت بالفشل يعلم الله أني لا ا اتبلى عليهم ابدا,1
Jenna Gilbert,d73c44c8-0997-4045-97fe-dedc520c74cf,Love Amazon can always find whatever I need.,5
Ben Kroes,9e4c5f01-f1fc-496d-825f-047cbe7f53be,"Amazon says my item may be lost but refuses to give me a refund unless I return the item that never showed up. They gave me fake tracking updates. I find it funny that no devs are responding. Time to for a lawsuit. Oh and let's not even talk about how I ordered something yesterday, selected free one day shipping and now it's telling me it won't arrive til next Friday. It's probably another fake tracking update where the item will magically go missing with no offer for a refund yet again.",1
Nathaniel “Kai” Tabada,13747d5f-e2cd-4b32-840c-3fcc692bc274,very very BAD!!! IM SO DISSAPOINTED! I PAY IN FULL FOR ONLY ONE ITEM. AND THEY SAID THEY DELIVER AS THEIR SCHEDULE. BUT THEY FAILED AGAIN FOR THE SECOND TIME. AND SUPPOSED TO BE TODAY CAME BUT STILL THEY FAILED!!!! AND THEY TELLING ME TOMORROW WILL COME ON 3RD DAY!!!! UNPROFESSIONAL!!! UNACCEPTABLE!!!! NO CALL NO UPDATE OR EXPLANATION. NOTHING!!!!,1
Colorado,8461856e-04e7-4be4-9226-41bd34f19e03,"No more sorting. The sorting option has been removed, and now there are a ton of drop downs that I will never use, which take valuable real estate.",2
Francisco Hernandez,ef459e6a-da38-403f-8f99-25ca722d3932,My Samsun galaxy keeps removing my Amazon shopping app,5
Susan,fdcb0dc9-8339-439f-aad1-c88809185da1,Verygood,5
Brenda Meris,1fa724b6-1c89-4eea-a114-ba788791cf92,Block this hacker,1
Jaxz Lavallee,1f4a65a7-6598-4c53-ad82-a6608f58b00c,Can not shop by seller. Amazon always find the MOST expensive item of the product you are looking for. Sick Amazon company stop caring about its customers 😔,3
Romano Bruno,6038fff7-0132-43d0-91eb-6ab681c9463b,Never had an issue that couldn't be solved..,5
R Taylor,d6f7c114-2215-4013-a122-9e4d8f0fdf7e,"Why does this App freeze constantly? I had the regular ""Amazon"" app on my iPhone and it worked great. This android version is so frustrating to use . Please just let people search for items without all these pop ups! I cannot access different colors or styles when browsing. App freezes and glitches ugh",1
Idoitfor Thetile,6018f0ac-d871-4d6b-a3ef-4f8f84c56636,"The Amazon app is absolutely amazing! It’s super easy to navigate and find exactly what I’m looking for. The layout is clean and intuitive, making shopping a breeze. Whether it’s daily essentials or those hard-to-find items, the search function always delivers accurate results. I especially love the way the user interface is designed—everything feels so smooth and effortless. Big thanks to the developers for creating such a user-friendly and well-designed app! It makes my shopping experience.",5
Zuhal Hakeemi,abf27ccf-c6dc-4bae-8dce-f3553fb698d4,Very bad app just wasted my time I ordered a Sony Bravia tv remote but they were asking so many questions. I wrote my card number and everything. It doesn't even shows the correct address or location I wrote my email id 2 times still they said to write your password why do your app need password . Even restaurant's delivery is easier then your app . It doesn't even deserve 1 star,1
Justin Adair,cf36c061-0d5b-4f26-ade1-e52893be2e01,One day shipping is a week shipping now even with the monthly payment,1
Angela valentine,50347f47-4cb3-4d49-a384-14b5ecfc5fcd,Yeah,5
Jason Martin,7fcdd39b-4ee6-4c96-ab18-f0524d31ae79,So your own system just informed me that 32 items in my shopping cart have increased in price. Some by fairly large amounts. And just in time for October Prime Day. Do you really think I'm that stupid?,3
R J,8e240c2d-ec0d-43c6-86e7-3327f1965efd,"Awful experience! Having been a customer for many years, I had to make an order to purchase a new oven, as mine had broken down and needed one ASAP. I made my order, to then find that amazon cancelled this and told me that my account is showing unusual activity? I was then told I need to send them photographic identification to verify who I am. I have never had an issue like this before. I think that something dodgy i going on from amazon's end, SO BUYERS BEWARE!!",1
Mayuri Abeywickrama,bac6c9c5-246e-4758-b548-8d36791fe741,Its just amazing,5
Hussein Gamal,b7172165-100e-47f7-880f-16b3a0ea9de1,So good app,5
juliballoolli,edd475b3-7278-4b14-8a73-c5ab77f7333a,"For the first time in 10 years I have uninstalled the Amazon app from my phone. The constant AI Rufus pop-up being forced on me has ruined the whole browsing experience, and the lack of *customer choice* over when, or if I want to use it, is boiling my brain. Until there is a simple on/off toggle for it, the app will remain uninstalled.",1
Hadikul Islam,e0db1673-ab67-4e74-ac2a-ce98c24f4e2a,Hadikul isluam,5
Lee McNew,c6da73cf-cd77-4c3e-bf64-c60241e9663f,"when it is good it is great, when it is horrid they don't let you post reviews to warn other people and their delivery drivers play games",3
Lorenz Kahl,382b942a-d226-47be-92d0-d72427386c57,fast and easy,4
Amy Setliff,50e84241-4f3d-47c9-ba06-3edefd61a0fd,"I am very happy with this app, I wish you took the money out as soon as you ordered like you used to. Other than that I love it and it is very user friendly.",5
Edward,073902ba-485a-437a-95fd-db25546bd2d4,"3 orders, 3 packages, 3 delivery services, 3x no delivery. PostNL, DHL, and DPD all made a mistake, no clear way to make a complaint. Gets harder and harder to find the right things, it's just repeating the same sponsored stuff over and over again.",2
Vinod Kumar,56d20fd4-1825-475b-9a22-6ea987370a50,good 👍👍👍👍,5
MIGUEL FEBUS,4334ff9f-d5d5-45b0-910d-2238eb17b155,My explanation,5
Anthony Moran,94110ae3-e923-40d0-85e2-199f755f921f,Alejandro aspire and his family are gonna pay for what they have done to Anthony moran,5
zuhaib syed,4590f061-a284-49b8-a200-8ff4a31a6d9b,No Dark Mode despite 100s of updates. The company has intentionally ignored customers.,1
Yash Chudgor,7ba0b615-d410-4660-a26d-4da61bbbcec0,Do not order. They send defective product and then ask you to go to the company for replacement. So your money gets stuck. Never order. They don't even care how old customer you are or anything. They just want your money.,1
If Only,6e5e4338-4cf1-495d-8c71-e92e21512a3b,"Why is my shipping at check out always set up to the most expensive every time? Why would anyone want to spend money on shipping? No, I don't want to pay for the membership.",3
Ruben Marquis,cb809b99-bbfc-4f1d-889d-922c4b2176de,Ordering cool stuff!,5
Sajela Rana,40e731c6-f66c-4927-a5e1-c20b909801ef,i love this app for shopping online thankyou,5
A,32a4ed49-6e1a-47b9-8bc6-f140be03cf29,"Lots of fake Chinese knock-off items, beware. Plus Amazon breaks up union attempts, workers people so hard they need to pee in bottles. Scummy company. Bezos is a criminal, how we let things like this constantly happen is beyond me. Honestly this app is just annoying bloatware on my phone. on top of that, they're fire stick is SO terrible they don't even know how to program the keyboard properly for it, you need to download an app so they can keep tabs on you even more. these scam companies.",1
Pink Sealfood,dee95089-010d-4e9c-87b0-28d688bd1ab9,Horrid customer service,1
Will H (Hentron),b8c93017-8985-48f0-a32d-70a94e0025c3,It keeps selling me movies outside of my region and I can't stop it from prioritizing other regions.,1
Glenn Richards,689067fb-7fdd-4f4c-b643-839a5b10623b,Wow wiooe!!!,5
Austin Baker,b0c01be1-0f41-4526-abfc-7147e7a4b538,Medium good app recommend it but I dont like how long some stuff takes 1 day or 2 past the delivery it said on app,4
Clara Castro,1b409254-8add-4554-a980-c7c0320b4f70,It helps,5
Dark_ldude,8dc2bc64-f228-4048-9d2f-33e8e279c955,"It doesn't even allow me to access my account, it keep sending me a OTP repeatedly and everytime i emter it, it resend it for no reason.",1
James Lyons,3de44579-bea1-4a3b-be73-0d5259c3bdb6,Very dated interface.,2
Brody Crabb,a2932716-2dbb-46c9-b693-76ffd482d50d,"I ordered some items off this app , they have continuously delay items.",1
Clara Brown,d6568ea0-5ffe-40be-9c8b-b67e27dc126d,outstanding,5
Missy Zmuda,964b5bbb-4a42-4ad2-84a0-c63a4cc7fc46,Always worked well for me.,5
Honda Epic Gaming,7baeac21-b7c3-4320-9f31-91c469791388,Time to cancel my Prime account they want to raise your prices just so you don't have to watch with commercials is retarded I spent so much money with Amazon and this is what they do I think it's time for all of us to cancel them and stop using them,1
Atrain85 x,2cb7842e-0333-4925-a48c-7552888bd974,Bad locker support even when you give permission it can not find locker they keep changing app settings on each update as if they want to help porch pirates,1
Michael Hammer,99e91881-0453-4561-a7a5-86b083ca5d06,L.'ch van hb ybm 2wwppLomo p lpomp o y Po0lppl polo l lmp 0 pls 3Ll pomp p32plby fn,1
Marcy Galvan,25b1a341-c160-494f-b776-2891c812d6df,Never deliver on time. Or the right date . Orders always get cancelled so I cancelled all my accounts,1
brenda mcclinton,b5106b8d-eae6-4cb0-ad19-503ea20454aa,Awesome and fast delivery!,5
Kendall Marie,b8d44b7d-2465-471d-9d2f-727b1fc2acbe,"Some things I would love for amazon to improve 1. Scheduled deliveries for added convenience i never want a delivery after 6pm and prefer mornings on weekdays 2. Be able to search for items specifically and only get that result (no ""similar"" item I've mistakenly bought cinnamon instea of pumkin spice before and other mistakes too 3.. Beable to filter search by where an item is made or being shipped from (because it's nice to beable to support locally made or get cultural items from that region",4
Azza Magbul,29ad8d9c-7cb8-475c-94d1-8e8d8a7d1e4c,It is a very good app,5
Usama Abu Zied,0de69a7c-1250-43c8-9586-6504d0092f93,nice shopping app,5
Baby Capulet,fd6539f5-fd43-4a79-ac18-d56629d3f9da,I like Amazon but they really screwed up an order and made it very difficult for me.,5
Daniel Hanson,971d86f7-33a1-4697-a676-af10d63f2416,"It's 2024, how has Amazon not made a dark mode for their app? That's almost as big of a blunder as their whole Rings of Power series, since both the bright app and that trainwreck of a show burn my eyes.",1
stereomolehill,f5bdda36-09c1-4a0a-9a78-c6d1c7f86800,"DOES ANYONE AT AMAZON READ THESE REVIEWS!? THIS STILL HAS NOT BEEN ADDRESSED: Inexplicably you have taken away the ability to choose the ""Music"" category under ""Music, Video & Gaming"" and left two options for ""Amazon Music"" only in that category. I cannot search specifically for physical music product. What the hell!? Surely this is an oversight, but come on! You give the app a new look, but STILL DON'T ALLOW FOR SEARCHING MUSIC AT ALL!",1
favs N,e4364de7-9fdb-4789-96f9-51f3121102ac,Not what it used to be. Shipping is rarely on time anymore. I hate the ads when I'm already paying so much for Prime. I will not be renewing next month when it's up for renewal.,2
Louis Slabbert,8d9580ed-cd1e-44c1-a746-61e57780361b,Doesn't have what I need pick Takealot over amazon it is for the best Go TAKEALOT Go,1
Mc Donald's,ad6ebfa7-bd96-4884-bdad-fb9b22143454,Lets go gambling Temu oh dang it Alibaba oh dang it Amazon I ACTUALLY WON AMAZON THE BEST IN THE WORLD,5
Conor Hughes,d556ae49-6784-4548-b84e-a57a915dbbd3,The parcel was not left in letterbox as stated on this app nor was it attempted to be handed to the buyer.,1
Rachael,2be70fc2-188c-46ce-bebc-421636fa2f98,"It's a shopping app. It's user-friendly for the most part, unless you need to contact customer support or wish to buy a kindle ebook. I'm unsure why these books aren't available on the app. It seems like extra unnecessary steps just to buy an ebook.",3
Aislinn KUYKENDALL,858c036e-fc77-4233-bba0-2c15f27a50f5,Now you want 3 more dollars for your terrible streaming service. We no longer get Free two day shipping so what the hell are we paying for when It comes to Amazon Prime? Remind me what am I getting for all that money you're taking from me each month,1
Md Ederiss,024335a0-fed2-49da-8b43-caf970a3972c,THIS APP DOESN'T SUPPORT BANGLADESH COUNTRY 😑😑🤬😡😡😡😡,1
Geralyn White,aa83a021-b82e-4bb2-bfb5-3995602daa32,You guys really suck at hiring people and screening who sell with you guys. Multiple occasions I've ordered something and didn't get it or the things I ordered were delivered to the wrong address. If it weren't for the fact that I do surveys and get paid in Amazon credit I wouldn't order from you guys at all. Do better!,2
Salih mahmmed Afghan,73317514-07fb-4560-bdfa-a7022cd45b0c,Good,5
Mike A,37e02fb1-f05e-4b52-b86f-2457c7278d46,"Why can't I shop by brand? No legitimate manufacturers are ever featured in the facets anymore. This app keeps getting worse, it's very anti consumer. I can literally search the brand name and not be able filter out the fake low quality knock-offs. Update: a new low has been reached with edition of an AI assistant called Rufus. Ruining the UX and appearing unprompted with self evident ""insights"" and irrelevant questions a child wouldn't ask. How do I turn this **** off?",1
Kitty Kale,5b2ca922-0507-4880-98bd-0b7182e0d82a,"Their new return policy is a nightmare. Making it almost near impossible to return anything. They demand you return items that are non-refundable too. Between the ads from their streaming services and their bad customer service, I'm about to cancel my subscription altogether.",1
Player 1: Gerard,5f5aac0a-a8e6-4105-9d13-a478a4ade930,"Now a days amazon delivery will not care about the security. They will deliberately left unattend your package outside your doorstep, No missed calls or knocking the door. Its frustrating that it happens to me twice that i didnt receive my order, either someone stole it from my doorstep or the driver didnt actually deliver it. I hate to admit it but they're services is becoming worst these days.",1
aname thatsmine,6bc594f8-d046-4290-ae43-be53b8c153a4,"terrible. logged in, no personal lists available, no shopping history, not even payment method synchronized. tried reinstalling, same result. deinstalled.",1
A. M. Obaigbena,ab74c8d9-cf3f-4999-9cbb-eef25c7564c7,The has been crashing for the past three days. Even after uninstalling and then reinstalling.,4
Melissa Denesha,cc026cfd-aa8f-4593-ab25-0823e5de9581,EBT eligible!! Perfect idea! Thanks Amazon!,4
Beezy Love,63884599-4ede-402b-a38e-a433ef887690,"This app must be old or something. I couldn't create an account. Because it said number was used before. I get straight talk phones..&""you know if you know"" and then I try my BRAND NEW EMAIL( I literally got this phone the beginning of this month).It would say error... So what do I do 🫴🤦 ?",1
Laronda Lewis,af702df5-d046-4a75-8aec-87aa6d986cfd,They let their drivers do anything they want and they don't return ur items,1
Gail Van Zyl,49d8419a-9f0c-4a65-a58b-171d3c62b0d8,Can't find what I'm looking for so no order placed,1
Mohieddine Elachaal,a371e47d-2648-439a-9893-b1735cefa3a0,"Very very bad experience, i ordered 2 icebox since 14 September and till now am waiting. when i ask to cancel the order, the application reject.",1
chelsey Mcdonald (Chelsey hemphill),1825eafb-2bb4-4964-b016-8e59e638f91e,It's starting to take my orders faster so I can get my items and not have to worry about it being canceled later on.,5
Suzanne Velazquez,0af62704-0c35-48f2-982c-8ff00d4f944f,"Amazon Prime is a lifesaver! Having a daughter on the opposite coast for college, I am reassured time and time again that Amazon Prime will get whatever is needed to her timely and with care! And their logo is perfect -- Amazon Prime brings a smile to every transaction!",5
Richard P,1f2fa148-9ac4-425c-a9ac-04a9a6eb4316,Doesn't play well with a vpn.,2
Sébastien Boutet,05abf612-70af-43d1-bfc0-77f66b7f8f85,Expérience utilisateur dégueulasse...,2
Irma Rojas,cfa3a643-9cc3-4f6e-8584-b5e5b4170ade,I'm really happy being an amazon shopper and I appreciate reviews from others to give products credibility.,5
Lizzy Frye,d5d3d0b2-2edd-41ea-a4f3-97e0b39c4af0,Its annoying when the app has to be updated literally every other freaking day and its still super slow and freezes up all the time like whats the point of the update if it only gets worse and worse..,2
donna lake,f0d84ad1-51f4-4520-bb91-0d5aa90bb5e7,"Love love, love Amazon Best way to shop",5
Emily Whalen,1e3433ad-5cf6-4b5d-b94a-456e61098e72,"Too bright to use at night, the all-white is blinding! Give us a dark mode option!",3
Heidi Jacobson,fb08c039-67c8-4e71-bb7a-7ec6ee32eba1,"App is always up and running and full of content that is sure to meet my needs, in no time at all! App is so user friendly I use it more than the website... Now making me wonder if I'm missing something but probably not. App is excellent 👌🏻",5
It'sNotJustice ItJustIs,733707d6-3c4c-4bb6-bf90-8aff8479edb3,This is no change for Amazon... 1* is more than they deserve. Try looking for the reviews on a few of their products. They make it hard to find because they are as crooked as their sellers. Never again. Walmart+ or nothing.,1
Jed Tenessee,17d13f17-3d0b-4377-b28e-4ce4d184f9e9,"Was OK until I saw Droid permissions writer, developer, apply redirect permissions. Now phone defaults to "" Target "" for what I'm looking to buy, then redirect flashes in search bar, Amazon opens to the product I was buying from target. This developer putting target out of business. BTW, I don't even have it installed. I've noticed it coming on brand new phones, pre installed. You people need to pay attention to the people you are trusting to code your products, permissions, Google teacher dev",1
Elias gonzalez,c3f358fd-f387-4c2a-aef7-86cc701b039e,Banner ads for Discover cards?! I pay way too much money for prime for there to be adds while I'm scrolling. Plus it looks so cheap.,2
David Johnson,355e9ac1-3246-4569-be17-ae02da130c79,love the Amazon app everything is so easy to find and they have great deals,5
Linda Pitt,9c2bd9eb-38a3-4e66-b4a6-2a889ace9530,It is always here when they say,5
Jane Repper,cde20888-c3dd-47cb-80d6-e158b0233f66,"Their 'free shipping' is often a scam. The item description says free shipping, until you go to check out. Shame on you Amazon.",2
Dewed G,b3208708-f66a-4507-aedc-1ce5b94fba5a,What makes this app keep turning itself back on?,3
Trent Dorion,1cb4e841-cb8c-4718-b1a4-05acc82f0ed2,Always been good for me,5
Benancia Torres,9dfe332b-f9aa-4ae7-95bd-5efa72ce0a73,Excellent service,5
Mary Burden,9738dd66-e1c9-4033-8dad-43a038b84174,"I can find stuff i want, need, and imagine. I no longer need to roam from store to store to try to find it.",5
Tracy Comer,dd4b3055-f681-47f2-a9aa-71ccaf477d5a,Works for everyone else but me,1
Ahmed A. AbuMutair,fae4232b-e951-4bfa-9c06-7410c34d3416,"Amazon customer service became one of the worst experiences I ever had. The customer service representative never helped resolve my package issue, and the easiest way for them was to end the call. Amazon needs to think about returning the customer service team back to the USA.",1
Uchenna Enwerrmibe (Uzygold),09d1d558-9a12-4c4a-94f3-549a397ccea1,Absolutely perfect,5
Jill Ogdie,b1f32fef-807f-4634-866b-2c8deb61b1e4,I love Amazon prime!! if delivery people would only drop at right apt !,4
Jerri Birchfield,1bb43549-254b-44ce-9f80-17d1ec739ba1,Love it,5
Mary,eef6dc24-c831-475d-b8e5-1c2bcfd399a0,can not recieve codes,1
Roger Taylor,4153b9a3-2a07-4fbf-8c21-be0df3cff6bb,Latest update wants to control contacts camera microphone etc. Nope,1
Carmel Edwards,f55f1e24-f960-464c-b2c0-17347db05910,To order Clouse,3
xlxcrossing (xlxcrossing),939f9cc8-5e28-4566-ba0a-224dfbcb3152,Add dark mode!!! It's been years and still nothing. Also change the app icon it's dated. Make it the smile icon on a black background. The rest of the app is pretty good.,3
Bridgette Donahoe,8806e0cd-f768-4b7e-85c4-ed415ef6d8fb,Great app,5
Hi Hi,f3e51554-54d1-4831-a10d-2da36544b46d,I like it so good you can shop anything you like,5
Derek Henderson,b949e784-5b35-4508-afa6-4a3a84db0c8a,Great place to get a fast delivery,5
Phillip Docherty,5a11440f-50f1-4497-ac71-bec4a0555fe9,"I can see why the FTC is putting Amazon on trial. Had a package delivered to me twice. Both times their foolish delivery drivers have delivered it to the wrong address. Call customer service and they promise to give me a refund, but the next morning I get an email contradicting the promise made. Still billing me for a product I didn't receive. Talk about disrespectful. My granddaughter doesn't have a dinosaur costume because of Amazon drivers shenanigans.",1
Sam Tish,05234959-4479-457e-b471-94bb889a786c,easy and amazing way to shop at your comfort,5
Paul Hart,c624b92d-8785-4808-941d-9b9c69a9a80c,Brilliant,5
Rhonda Sands,65aa214b-4a85-4e20-87bc-7c59d923a41c,Awesome,5
Reynaldo Natividad,aed24a3a-a487-4014-8b4c-67d70336a0a3,Authentication numbers received by phone text don't work,1
Lita Villanova,781513ac-759e-4fb1-8f56-85423853c6b8,work with handicapped. So I'm pleased.,5
larry farlow,014768c9-4e6e-40a8-a613-12c0ce3b3db8,Losing list,1
erlinda mijares,8bbecf40-eb51-4c0d-b4d1-7bf7622e5f4b,Love it,5
Khaled Asar,9de8a153-f354-4225-a180-d66ed307f8ff,EXCELLENT THANKS,5
Gareth j,418910b1-5a84-43fb-82e2-c978ccd91e4a,"Get rid of rufus. Before they put rufus on, great app. Now its as annoying as games with ads every 2 mins",1
Valerie Jones,fc6caca5-b2bb-427a-af3b-d5358ca0f250,shopping online is so much easier than scouring different stores to find what I want. Making comparisons are straightforward thanks to complete product information. I love shopping Amazon.,4
Jose del Vado Puell,59e750cb-ee95-46f1-8189-f4239db1c486,"La peor aplicación que he visto, nada carga bien, se bloquea, le das a botones y no hace nada.... Parece mentira que amazon sea una de las empresas más ricas del mundo y no sean capaces de hacer una app semi decente que funcione",1
nour Mohamed,5c08fc1e-9c22-4178-9663-bee69b929b15,مقاطعه🙂,1
Sajeel Ahmed,960a11b6-7e5e-4c61-a870-3452591a6e75,Very good app 👌,5
Jay Dean,0047b32f-cb3f-496e-9046-1ca471f48e3c,"Couldn't live without Amazon - everything made easy. Search, add, order. Prime membership is a MUST HAVE. Save on those postage fees & get quicker delivery.",5
Mandy B,8bded18d-83c6-4e70-97f7-88a08aab73dd,"I have the latest update but the bug I was hoping would be fixed - i.e. the ability to go to my orders, lists, etc. - is still preventing me from using the app. Fortunately I don't seem to have that ""Rufus"" thing and hope I never do! Come on Amazon, get your act together! You've already removed the tablet app! Don't you want me to shop?",1
wang liangliang,bfa07e18-7872-4696-a823-132640293647,总是提示下载最新版本。中文版的可以登录,4
Sandra Rempel,06cb78aa-0aed-4b48-bd36-e16e559f9c4a,"I can't access my orders, nor can I access my account. Half of the functions on the app don't work the way they're supposed to anymore. You really need to take a better look at the app and give it a overhaul.",5
Adrian Rodríguez,019beb32-a00a-44da-a604-1ecf86af4d68,They suspended my account for no reason.,2
Patrick Haun,5d8e61ce-f75b-4795-9bc3-200a3bfbf02b,no dark mode,1
George Houston,77dc7d0f-b75c-48b6-b66f-e6be2c0cacf2,They did not deliver on time but making excuses for delay without any explanation. Their employees especially those who deliver did not do very job.,2
Jessey King,22269057-58d5-4403-933e-b5f6f184c224,"Love it. Easy to do whatever you need, if that's returning something, searching for an item or using a filter from cheapest to most expensive. Amazon is on top of their game.",5
Lucy Mohlala,f5372d1a-bd94-494e-83e9-66d86761900e,Less public knowledge.Not well marketed in South Africa. It may do well because it has global products.,3
Frank Robinson,cea65eb0-dd8e-44bf-9f55-893256a995cc,Very helpful,5
K. H.,a676e316-121f-4184-884b-b41b1e004f23,No Dark Mode! Why? I don't like being blinded!,1
Leon,5e4567be-f0a5-4c4e-b0d7-85df3ab5ece2,"I actually like using this app I have just signed up for Amazon associates, wanted the influencer program, but I don't mind working towards something. Anyway back to using this app 10/10",5
bharath iyer,1c04cd4b-e326-48d4-9c36-aee1f8fb65aa,"Worst e-commerce website in India, they are market leaders n think they ve monopoly n eventually customer has to come to them for best prices but they r absolute con-artists fooling customer around with unrealistic delivery dates.Few of delivery agents r frauds. I ordered an item on 26th Sep , mobile for exchange n still waiting for delivery, its 4th today despite paying for prime. Every day wasting one hour behind customer care but all they will do is repeat std response msg asking us to wait.",1
Victoria Lucero,2bdc02af-f3ed-40db-add1-428f138a5861,👌,5
Nick Magallanez Jr.,19157675-b138-405b-b710-d118d8be379a,I Think That This App Is Ok.,5
Monjur Miah,babf187f-a6b6-442d-9253-3887c7b2f62a,App doesnt work when signing in. The app doesnt even send code to mobile number or email,1
Rory Emnace,42c97c45-a5be-40ca-88b2-5a3bd1da2fb8,"I mostly like Amazon, but the search system doesn't make sense, considering you can search everything that is 4 stars or above, but items may only have one to a few ratings. There should be a way to search items that have high numbers of ratings along with the 4 star and above option.",4
Terry Burke,f50736a2-81b7-48da-8218-261fa68d28e2,not able to return two items. even though I returned the 2 items the Next day.I'm stuck with them.,3
Joshua Weatherman,690c2450-d7a4-4c9b-b556-42c25736cbcd,"i have lost complete faith in amazon.. I sold all my stocks and canceled all my subscriptions.. I will no longer spend money with a company that doesn't even understand the definition of the word ""now""",1
Andrew Thian,55bfb526-175b-4494-8ff8-9fe08027fea4,Literally doesn't work anymore,1
Fernando Servin,de91a7e2-4410-4d0a-8d0d-45e404295c5c,Great job,5
Sharon Layton,3285a7f4-020a-4a92-b4be-acb4023914ea,Great service is always reliable. nothing is too much trouble.,5
Gary Patterson,d34d1e0a-4486-4582-99bb-763e4bfe5bcd,Very good price and fast delivery.,5
Louis Kanyinda,3b0712fa-23ce-41d8-bb15-8e561eb3db73,Good,5
Dan Kvacik,1e134bc1-1599-4b7e-912c-40d1fa20f662,Great,4
Jon Behling,f24289e9-6364-4cd7-9ed5-9966f74f6b72,Reviews are public and include your account and device info. Learn more Rate this app Amazon Shopping,5
Pumpkin Seeds,aa938180-c0a6-44d7-95a8-7488d38b579e,Go,1
ALKIS GATSIOS,804b8769-85eb-4e9e-a45e-61785a5d0b45,Trash,1
Kayla Pierce,c2c8ac25-8a64-4a50-9263-6c6579ef5f0c,"Ridiculous, I bought two items and was told i needed to sign upon delivery and was given an option of drop off times. Unfortunately I was not home and they just dropped the package off and it was stolen. It should never have been left as it was an expensive purchase for me. Now I have to file a police report and waste law enforcements time in order to get my money back.",1
Rezwan Khan,86ed4a2d-67cf-4f3c-bdd6-611c99ad3e01,what's there to say. We're talking about Amazon,5
Rae,f85d1218-5a52-4e2e-aa29-4bdd8e8c13bf,"The ""my orders"" button/page is broken and NEVER loads, no matter which way you try to get to the page. There's also no clear or easy way to report a bug in the app. I have been struggling with this for weeks and it hasn't gotten better. It makes it extremely difficult to check the status of orders or start returns, but maybe that's what they want.",1
James,dec9bf35-ccca-45a5-b5f0-f93d2eacee78,Giod,3
Holly Jordan-James,28b44695-f13f-4f3a-957f-cdb387efbfde,"The app was great but they added this Rufus thing that pops up every 2 seconds freezes my phone and I don't need it or the suggestion it's tries to give. There is no way to turn it of or selectively use it, every time you look up something a little box pops up with suggestions and everything. I'm dyslexic it dosnt work for me it puts me off. w Way too much text and I don't need it. Seriously considering deleting the app.",1
Brian Brandon,0dbf02ed-bbad-40b9-8edf-a9a874f1725b,Poor,1
Derek Chambers,dca50613-d7e3-4524-a0fb-d018a2f0650e,Birds of Prey (2020) DVDs & Blu-Rays belong in the same Landfill as 327 Gibson Firebird X Robot Guitars.,4
Jessica Collier,d1042f28-2fb6-43f1-8849-1d777b85f235,"Why do you have deals in the middle of the week, instead of fri/sat? People have already paid their bills by Tue/Wed.",1
M. Umar Tariq,2370e1b6-5c7e-4d9c-be65-c368ab21dcd2,"Worst Cutomer support. Suspended my account for suspicious payment and asked me to provide credit card picture for verification. When I provided the picture, they rejected my submission saying we now need picture of your ID for verification. When provided them with ID they again rejected my submission saying we know again need credit card. Wasted a complete week just to get my account back and still it was unsuccessfull. This is so shameless and unprofessional behaviour.",1
WearyOdin 356,c557be7d-d24b-4193-b6d1-4c84560b5279,"Good for shopping, almost the only option out there thanks to the corporate overlords. Easy to use and such, great app. But my one problem, i am BEGGING for a dark mode. My eyes are practically soldering ash after this flashbangs me with the brightest possible colours which makes me discouraged from actually looking through stuff often. Even when forcing dark mode on apps with developer settings, this app stays bright. It makes a perfect flashlight though.",3
Philip Young,f54ec24c-180d-4da7-9875-ea31574bf091,Their service quality and speed have declined massively over the years. It more so bothers me that the shipping times are almost always inaccurate now. I've ordered a lot of things that did not arrive on time. Adding more subscriptions on top of the prime subscription is lame too. When did you start doing channels,1
Milnon Taylor,c12d9ab8-b199-4fb9-9479-367725939f7c,I love Amazon ❤️,5
Wheezy Galaxy,2a294027-14ca-4df5-8a21-68720e69f884,"Frustrating as all hell I use amazon ALOT Have for years!!! But when I type things like ""Wool Jacket"" I get polyester cotton all these things that are not Wool. There's other instances. Just the search function is incredibly outdated.",3
Doris Cler-JOHNSON,18cbf0a1-ff14-4aac-8855-1d03ab13ded4,I have prime got a new phone service is all new,5
Ruben Rodriguez,eda497a1-4a12-48ed-9771-cdbdb8ff042a,It's great,5
Edward Fowler,a297dfd4-0733-42e1-aed2-41777460d17c,I have loved amazon since i became a member in 2019 but this year there have been a minimum of 5 times i was given a delivery date and i didnt get any updates before delivery then it would not arrive on the intial delivery date i would get an email saying it has been delayed because they are out of stock... please update the items being sold if they are out of stock so you domt give people false delivery estimations. Thank you and please fix your bs.,1
Shauna Mc Williams,8a00bb00-a02a-405e-a2b0-1499125befdf,So hard to contact these people. My parcels never arrive. Waste of time,1
Wanda Blinn,d30cf952-01a1-4868-bb13-4d08f9fe3501,I love Amazon. The service is great.,5
Mel,80177929-1535-4dd7-905e-840a011247ae,"Been shopping on Amazon for years and I love it, however, a huge problem with the app that still persists to this day is when I want to go check on my orders the whole screen goes in and out of blank and my orders and I can't do anything like scrolling or click on an order, I literally always have to either check them via my emails or through the website instead. Everything else works perfect, but that is one problem that is very annoying.",3
Colin Groves,287d247f-9f9f-45ee-873a-f3c4131d77b1,"What can i say, this company goes from bad to worse, cancelled my prime several months ago, due to them showing ads on their prime video, and also ruining prime music. I decided to order from them after a long while of not buying anything, it's free delivery now if you spend £35 which i did, could have items the next day if i was willing to pay the extra, placed order, but noticed on my email, it was gonna take 3 weeks for my items to arrive, cancelled my order terrible service, bye bye Amazon",1
A Google user,dde11a19-d7a3-4fd2-8b3c-c6e646f3c49f,This app is bloated with uselessness. The picture viewing scheme is awful. Is amazon cutting corners on app developers now that they can't cut any more corners on prime. Amazon websites are constantly experiencing issues and problems.,1
Mohammad Waheed,9ca8b77d-1c06-46d0-b91e-03e1dfc5e8ad,سيئة للغاية و غير ملتزمين و مفيش كفاءة نهائي,1
Gary Boyanovsky,171f5472-722f-4300-931b-144f6fcb9eeb,"Does what it needs to,enables my impulse buying problem. Did I need packing cubes, no, but the app told me they were on sale and my thumb naturally clicked buy now.",5
Christine Santos,7aebfecb-1e48-4b60-b325-fa0b48e18c7f,too good,5
Todor Aleksiev,a85bf950-b5c7-4f72-b7bb-2367c5d07ec1,Perfect .,5
bruci bruce,6876d693-68b2-4c2b-8944-821733e0e815,No dark mode for nightime use or sensitive eyes.,2
Vik Maish,03f49755-b9e3-448a-afc6-c873250e7631,Buyer beware. some items are not what they claim to be. Many foreign items are of lesser quality. Some are really good too. I have not had any problems with the app itself.,4
Jessica,5da08fef-0591-4f2e-a39f-4fa7b1d003cb,always being locked out of my account purchasing prime memberships and waiting up to 7 days to arrive and always expensive shipping I thought amazon was a reputable company and I feel I was wrongl .,1
Ed Asencio,2f3f4637-d8bf-4342-ac7e-7976fa6dcbd2,Excellent Service. You can order anything. They can't get it. Within 48 hours. Sometime next day period Ed (Ed's BMW Service),5
Jill Smith,4246958d-e980-4265-96ca-cb470eea20ea,I didn't subscribe to this!!!!,1
Rena Good,a0b9765e-76ea-43b8-90ad-82cd4088266e,"Frying pan with oven and grill oven and you can get your truck back,",5
Sonia Blumgart,a87edfee-719a-40dc-94ff-4165485d951c,Brilliant !,5
jiayuan koh,8688eac8-0d46-4d22-8e7e-91e97bf4bacc,The service is terrible.,1
NO Name,872c557c-b5ef-427a-a86c-33eda18e0f8f,"The app was good until lately, I've been getting errors, saying oops something went wrong also crashing."" Another problem is my orders are late arriving and even lost. It seems every other order goes wrong. I get help and resolve quickly. But it's tiresome. I'm looking for another company to join and shop. A company that cares and appreciates my business enough to get my products to me on time. Every since Jeff Bezo let someone else take over. 🤔😥",3
Robin Helbig,1ba41b9c-046a-4f9f-a227-aa13e6485576,"Years of requests for dark mode from users have gone unheard. If dark mode was available, this would be 5 stars. But since I get blinded each time I open the app.....",2
Dorothy Stack,db9fd01f-1dd4-4b9c-be9f-08fc481af5f3,I love shopping at Amazon.,5
Jessica Mitchell,98d3f5ac-a068-44d2-a26b-203c7da82495,"I don't feel it's right to pay for Prime and still have to wait 3 or 4,or that if a person needs a bigger size that still having prime we have to wait an extra day compared to someone who is 1 SIZE smaller getting their order within the next day or 2.",3
Pavel Dz,fcaa3e3f-a40d-422f-a87b-4290e85b0cba,"""Search this listing"" hard to reach and its UI reminds me Word 95 (have to walk though tiny menus).",5
Donnie Kohrs,c9399980-8650-476f-8d57-01cbb646f1f9,Very average hard fo find what your looking for juzt another case of improving the mouse rrap,2
Patty Jameson,434a808f-d645-4ba5-8534-ca6d4365d218,"So easy! I love Amazon! The only thing I want is for them to add a filter for ""Made in the USA"". Then it'd be perfect!!",5
Rhapsodic Archer,463233ee-fbc2-46f9-b9dc-a72f7de912dd,"Know it might or might not be sellers, but wish had more options clothes wise that shipped to Amazon lockers sometimes it's super,super small like gloves and they act like they sending a whole mannequin or model just to ship it, like use envelopes or something it can't be that hard lol 😂🤷💁",4
Robert A axley,167ddd21-45e1-46f9-b28f-af9610f5e69f,I always use Amazon and Amazon prime. Great product and service wide variety. has everything that anyone needs.,5
Mahmoud Youssef,80d86574-d740-4145-9e2c-389606728822,التقييم للخدمة عموما وليس البرنامج فقط عندما تشتري سلعة وتطلب توصيل سريع وتدفع مقابل خدمة توصيل في اليوم التالي وناتيك سلعة خطا وااقل من ربع الثمن وتطلب حقك في ارجاعها واستلام الطلب الصحيح يتم معاقبتك علي خطأهم باطالة مدة الاسترجاع والاستبدال لاكثر من اسبوع وعندما تطلب الالغاء يتم معاقبتك مرة اخري برد المدفوعات اسبوع اخر,1
Daniel Quick,6c60e0b6-bb3d-409d-945c-53a2185e1db9,best prices around,5
Nathan Smith,bc759ecb-e2fd-42f6-8864-bb4dff325d73,Ĺoʻvè has been in under the chase,5
Enrique Franco,dc4b40d7-d67e-4aa0-8d47-b124c57aaebf,One of the best delivery apps for most of my shopping.,4
Elizabeth,1a725991-128a-466c-becb-9a60d0ab2acc,Excellent Amazon,5
Blanerd Laramie,b4548be7-df5f-4144-8353-9e5a0179cd00,"UPDATE: I deleted my account, cancelled my card. They're now telling me my payment didn't go through. For the account that hasn't existed. They let me believe shipping is covered (for the sake of clarity I've always chosen the cheapest/free shipping option) then charge me. They also add tips (WTfreakinF!!?) for the drivers with my money. That's a scam! Upon review Amazon prices are higher than average!!",1
Sheila Adams,5279ac90-9226-4625-99b9-66248a3ed4f1,I don't like the way they delivered. One of my packages was left in the rain and my husband found it on the back of his truck. And today when the Amazon man come he threw it on the porch i was standing there for him to hand it to me but he threw it at my feet on the porch i didn't like that at all he could have put it in my hand .I wouldn't ever do that to someone else things i would hand it to them or lead it down on the porch out of the rain but he didn't do that .,1
Bryan Lowery,881e8938-07c9-4313-9db8-36a69764839b,Amazon has bought ring security and destroyed it. They have provided zero innovation while doubling the subscription price. What a scam.,1
Meryl A Martin,ac444cf8-b04e-4ae5-acd3-b988bc83040f,brilliant,5
Sheryl Robnett,6bbe62c8-2923-4c58-96b4-dfbce543c06b,Fast delivery great customer service,5
Patrick Vusumzi Maneli,c09cd7e9-6323-4423-94b4-5cd34bec5a61,Excellent,5
George,46e1b6aa-1fe8-45e2-84fe-9966322941dc,awesome shopping experience,5
JohnAnthonyMartin Inciong,8367a861-d0cc-427c-a69c-3d196702e637,Why pay for prime membership when package is always delayed?. Total waste of money.,1
Tanvi Patel,e457e8cb-e72c-4f41-9c8a-504024543ddb,It is good but it keeps making me revise the payment over and over again,4
Rathakrishnan Kandiah,881da7e1-772e-4996-a500-f26ffdc03aab,Excellent app easy to use & returns are prompt I love it.,5
Dawn Grant,aafafdae-c553-404a-a8ef-be3c7e770a69,"Your app keeps coming up on my phone. AND THEN, I paid for a service I never received.... For years. So, ya know what. I'd you can figure that madness up. We could work together. Can you find out $16.02. Every month for years I didn't notice. Thank you",1
Mary,7d0349c2-192a-44db-aaa3-50a1278c877d,love Amazon,5
David Eric,f42ee705-6004-4df3-a814-c23e9e62f187,Great place to shop without the over charging on items,5
chrisg1328,e2e19ad2-ac96-49df-b623-cdabe756ca1a,"Information regarding delivery dates is usually confusing, example: states free next day delivery yet at checkout shows arrival date of a week out.",3
Dil Jahan,c2a50af0-6510-462e-9752-a01783dcaec2,Ayyash,5
Uchenna Enwerrmibe (Uzygold),09d1d558-9a12-4c4a-94f3-549a397ccea1,Absolutely perfect,5
Tree ShaKer,91a306f8-3ceb-46be-9894-0b27c29de148,Google up......Eric uller,5
Christopher Cain,bffae28d-de8c-4219-84ca-fc3d7c98666d,"App has become unstable and will not connect at times. It also just shuts down automatically or disappears from the screen. It's not a phone issue, Amazon music is also becoming unstable.",1
Dick Dock,a3d5b021-86e7-4359-93ef-2bbcd9eea2ca,Excellent,5
Imran Siddique,fe380e27-83d6-4e0b-9cf1-bd7aaa5cd915,good experience,5
Felicia,b9f11267-4ed9-4011-8e72-c519c232ec55,Xxx kk ❣️ injo🙂🙂 NC m k med cc de cc moo😊😂🙂🙂🥲😍😵🫤😫🫤😫🥶cb b b Inc n v vmj NC BB nv. Çbbcx cb 🔘 n 😵 NC😷😈🥲🥲🤡🤡🥲😈🥲😈🤡🥲🥲🥲🥲🥲😈🥲🥲😈🥲🤡🤡🥲🥲😈😈😈🤡 www SC😵😲😲😇🥶🥶😷🤡🤡🤡😈👿🤥👿🙂🙂☺️,3
Laura Swanson,e59202f0-5f9a-4af0-805a-7f53de7700a3,Gd apps,5
